date,states,positive,negative,pending,hospitalizedCurrently,hospitalizedCumulative,inIcuCurrently,inIcuCumulative,onVentilatorCurrently,onVentilatorCumulative,dateChecked,death,hospitalized,totalTestResults,lastModified,recovered,total,posNeg,deathIncrease,hospitalizedIncrease,negativeIncrease,positiveIncrease,totalTestResultsIncrease,hash
2021-03-07,56,28756489.0,74582825.0,11808.0,40199.0,776361.0,8134.0,45475.0,2802.0,4281.0,2021-03-07T24:00:00Z,515151.0,776361.0,363825123,2021-03-07T24:00:00Z,,0,0,842,726,131835,41835,1170059,a80d0063822e251249fd9a44730c49cb23defd83
2021-03-06,56,28714654.0,74450990.0,11783.0,41401.0,775635.0,8409.0,45453.0,2811.0,4280.0,2021-03-06T24:00:00Z,514309.0,775635.0,362655064,2021-03-06T24:00:00Z,,0,0,1680,503,143835,60015,1430992,dae5e558c24adb86686bbd58c08cce5f610b8bb0
2021-03-05,56,28654639.0,74307155.0,12213.0,42541.0,775132.0,8634.0,45373.0,2889.0,4275.0,2021-03-05T24:00:00Z,512629.0,775132.0,361224072,2021-03-05T24:00:00Z,,0,0,2221,2781,271917,68787,1744417,724844c01659d0103801c57c0f72bf8cc8ab025c
2021-03-04,56,28585852.0,74035238.0,12405.0,44172.0,772351.0,8970.0,45293.0,2973.0,4267.0,2021-03-04T24:00:00Z,510408.0,772351.0,359479655,2021-03-04T24:00:00Z,,0,0,1743,1530,177957,65487,1590984,5c549ad30f9abf48dc5de36d20fa707014be1ff3
2021-03-03,56,28520365.0,73857281.0,11778.0,45462.0,770821.0,9359.0,45214.0,3094.0,4260.0,2021-03-03T24:00:00Z,508665.0,770821.0,357888671,2021-03-03T24:00:00Z,,0,0,2449,2172,267001,66836,1406795,fef6c425d2b773a9221fe353f13852f3e4a4bfb0
2021-03-02,56,28453529.0,73590280.0,11196.0,46388.0,768649.0,9465.0,45084.0,3169.0,4257.0,2021-03-02T24:00:00Z,506216.0,768649.0,356481876,2021-03-02T24:00:00Z,,0,0,1728,1871,255779,54248,1343519,f90cfd6129805f923153eb8da22a86b75eedf8fd
2021-03-01,56,28399281.0,73334501.0,11748.0,46738.0,766778.0,9595.0,44956.0,3171.0,4252.0,2021-03-01T24:00:00Z,504488.0,766778.0,355138357,2021-03-01T24:00:00Z,,0,0,1241,1024,118077,48092,1154440,fe110199c554cbfbc73cba70a79f621483b58633
2021-02-28,56,28351189.0,73216424.0,11708.0,47352.0,765754.0,9802.0,44907.0,3245.0,4252.0,2021-02-28T24:00:00Z,503247.0,765754.0,353983917,2021-02-28T24:00:00Z,,0,0,1051,879,203599,54349,1408422,e6707b320942dd3747d8bf8f6d9eb3df51d3eb9b
2021-02-27,56,28296840.0,73012825.0,11731.0,48871.0,764875.0,10114.0,44875.0,3335.0,4252.0,2021-02-27T24:00:00Z,502196.0,764875.0,352575495,2021-02-27T24:00:00Z,,0,0,1847,1428,205090,71245,1655179,d147391f796f2e12e030e88d732e1fcc3332ba0f
2021-02-26,56,28225595.0,72807735.0,11945.0,51112.0,763447.0,10466.0,44791.0,3466.0,4247.0,2021-02-26T24:00:00Z,500349.0,763447.0,350920316,2021-02-26T24:00:00Z,,0,0,2141,1868,276829,74857,1803309,a8e3b540b405af9291478478833507c9150982c9
2021-02-25,56,28150738.0,72530906.0,11813.0,52669.0,761579.0,10846.0,44636.0,3567.0,4240.0,2021-02-25T24:00:00Z,498208.0,761579.0,349117007,2021-02-25T24:00:00Z,,0,0,3138,2047,272209,75565,1826144,96567c9224d9e2421005b20d7661d5f698e84ee2
2021-02-24,56,28075173.0,72258697.0,12548.0,54118.0,759532.0,11026.0,44534.0,3685.0,4227.0,2021-02-24T24:00:00Z,495070.0,759532.0,347290863,2021-02-24T24:00:00Z,,0,0,2447,2172,245318,73258,1450666,cb5e30469bb5fa9c8cc57419f854444b7085752d
2021-02-23,56,28001915.0,72013379.0,11200.0,55058.0,757360.0,11272.0,44420.0,3755.0,4214.0,2021-02-23T24:00:00Z,492623.0,757360.0,345840197,2021-02-23T24:00:00Z,,0,0,2241,2164,225267,69105,1193835,b160cc76a55eb46ad84fee0ed21f3f11ff575c07
2021-02-22,56,27932810.0,71788112.0,9499.0,55403.0,755196.0,11536.0,44266.0,3804.0,4200.0,2021-02-22T24:00:00Z,490382.0,755196.0,344646362,2021-02-22T24:00:00Z,,0,0,1235,1305,123611,52530,1201247,953907208abbebaa0ed863696371a8aaee01875b
2021-02-21,56,27880280.0,71664501.0,9442.0,56159.0,753891.0,11862.0,44216.0,3915.0,4197.0,2021-02-21T24:00:00Z,489147.0,753891.0,343445115,2021-02-21T24:00:00Z,,0,0,1287,997,156778,58702,1232995,9ef669705290054fca87e09e2400ccfca723e1dd
2021-02-20,56,27821578.0,71507723.0,9408.0,58222.0,752894.0,12120.0,44166.0,3932.0,4197.0,2021-02-20T24:00:00Z,487860.0,752894.0,342212120,2021-02-20T24:00:00Z,,0,0,2160,1732,141790,72354,1290481,1c88106df899e0794d806f9a076c32871a56b409
2021-02-19,56,27749224.0,71365933.0,8711.0,59882.0,751162.0,12491.0,44085.0,4118.0,4187.0,2021-02-19T24:00:00Z,485700.0,751162.0,340921639,2021-02-19T24:00:00Z,,0,0,2477,2674,224755,74676,1878033,133fb9fd79fdb907e5b91163c12dcb94ebcfc8a7
2021-02-18,56,27674548.0,71141178.0,8679.0,62224.0,748488.0,13036.0,43964.0,4180.0,4178.0,2021-02-18T24:00:00Z,483223.0,748488.0,339043606,2021-02-18T24:00:00Z,,0,0,2616,2497,218491,66824,1345849,fce5878af42d4b34c917ce33fba9cfebd0bed50c
2021-02-17,56,27607724.0,70922687.0,8548.0,63329.0,745991.0,13094.0,43823.0,4271.0,4154.0,2021-02-17T24:00:00Z,480607.0,745991.0,337697757,2021-02-17T24:00:00Z,,0,0,2348,2857,233666,66839,1298421,ae44ef14d0a2bbb22891fe7a4727376ae8a4eefe
2021-02-16,56,27540885.0,70689021.0,11547.0,64457.0,743134.0,13607.0,43673.0,4415.0,4149.0,2021-02-16T24:00:00Z,478259.0,743134.0,336399336,2021-02-16T24:00:00Z,,0,0,1353,2094,101102,56312,1053698,e17f7931c95de689a278bb61419d0c7a5cae9c0f
2021-02-15,56,27484573.0,70587919.0,11494.0,65379.0,741040.0,13790.0,43553.0,4468.0,4143.0,2021-02-15T24:00:00Z,476906.0,741040.0,335345638,2021-02-15T24:00:00Z,,0,0,1078,1130,143388,55077,1123560,f0b6e80a16ee4be858b4600426c87f62a7e948db
2021-02-14,56,27429496.0,70444531.0,11515.0,66947.0,739910.0,14038.0,43516.0,4542.0,4141.0,2021-02-14T24:00:00Z,475828.0,739910.0,334222078,2021-02-14T24:00:00Z,,0,0,1366,1236,171877,72164,1439631,f51d712bfff4e331afc8dd2113672e407a3d99bf
2021-02-13,56,27357332.0,70272654.0,11529.0,69207.0,738674.0,14387.0,43463.0,4648.0,4140.0,2021-02-13T24:00:00Z,474462.0,738674.0,332782447,2021-02-13T24:00:00Z,,0,0,3467,1805,234293,90642,1757608,32fd3d66a3799801735c646c36783d327122f61a
2021-02-12,56,27266690.0,70038361.0,9434.0,71471.0,736869.0,14766.0,43389.0,4849.0,4126.0,2021-02-12T24:00:00Z,470995.0,736869.0,331024839,2021-02-12T24:00:00Z,,0,0,5427,2347,255983,101030,1812454,997a98bc6c2c22cbcae1bfa325eeac7b09349df7
2021-02-11,56,27165660.0,69782378.0,11981.0,74208.0,734522.0,15181.0,43291.0,4970.0,4113.0,2021-02-11T24:00:00Z,465568.0,734522.0,329212385,2021-02-11T24:00:00Z,,0,0,3873,2460,260124,102417,1855929,68c04ffef08f6cc8caf4bfea5b950e2288f738bd
2021-02-10,56,27063243.0,69522254.0,12079.0,76979.0,732062.0,15788.0,43184.0,5121.0,4106.0,2021-02-10T24:00:00Z,461695.0,732062.0,327356456,2021-02-10T24:00:00Z,,0,0,3445,3226,155861,95194,1382709,a5e18e2c47c764313e7accec45a3af3ea1f746c0
2021-02-09,56,26968049.0,69366393.0,10516.0,79179.0,728836.0,16129.0,43000.0,5216.0,4092.0,2021-02-09T24:00:00Z,458250.0,728836.0,325973747,2021-02-09T24:00:00Z,,0,0,2795,3144,337168,92986,1488481,d6ab30f5a318ca939a2fdf9393fc0f335bfc1fc8
2021-02-08,56,26875063.0,69029225.0,12114.0,80055.0,725692.0,16174.0,42833.0,5260.0,4080.0,2021-02-08T24:00:00Z,455455.0,725692.0,324485266,2021-02-08T24:00:00Z,,0,0,1309,1638,142156,77737,1400009,ddfbccf1e6b54cf690c54a52233ff34afc750ee2
2021-02-07,56,26797326.0,68887069.0,12061.0,81439.0,724054.0,16616.0,42779.0,5342.0,4079.0,2021-02-07T24:00:00Z,454146.0,724054.0,323085257,2021-02-07T24:00:00Z,,0,0,1475,1543,208303,95994,1498808,a2747a21d0be7bc1325eb930f49c12bd9d063f0b
2021-02-06,56,26701332.0,68678766.0,12070.0,84233.0,722511.0,17093.0,42730.0,5475.0,4078.0,2021-02-06T24:00:00Z,452671.0,722511.0,321586449,2021-02-06T24:00:00Z,,0,0,2994,2443,282477,114557,1888854,f6fc0e18265107559ccba343740f3ef06d828737
2021-02-05,56,26586775.0,68396289.0,11546.0,86373.0,720068.0,17284.0,42626.0,5596.0,4060.0,2021-02-05T24:00:00Z,449677.0,720068.0,319697595,2021-02-05T24:00:00Z,,0,0,3543,2940,270754,131146,1868496,e32393a09912d605685ff512547116d62a867235
2021-02-04,56,26455629.0,68125535.0,11914.0,88668.0,717128.0,17918.0,42472.0,5732.0,4059.0,2021-02-04T24:00:00Z,446134.0,717128.0,317829099,2021-02-04T24:00:00Z,,0,0,5212,3402,217496,123907,1663995,5618b9bae5c5ac569889ac886ee0655b94908618
2021-02-03,56,26331722.0,67908039.0,12077.0,91440.0,713726.0,18147.0,42323.0,5920.0,4044.0,2021-02-03T24:00:00Z,440922.0,713726.0,316165104,2021-02-03T24:00:00Z,,0,0,3685,3975,224499,116960,1384881,d1fb1ca4d5de63f3698cdacf1fc9bb7a3f9e2f65
2021-02-02,56,26214762.0,67683540.0,10590.0,92880.0,709751.0,18388.0,42148.0,6047.0,4035.0,2021-02-02T24:00:00Z,437237.0,709751.0,314780223,2021-02-02T24:00:00Z,,0,0,3486,3285,167082,117616,1385595,4a7ce3300dcac3facf61fc45c90dbccd0b062ed0
2021-02-01,56,26097146.0,67516458.0,11957.0,93536.0,706466.0,18572.0,41998.0,6086.0,4025.0,2021-02-01T24:00:00Z,433751.0,706466.0,313394628,2021-02-01T24:00:00Z,,0,0,1562,1766,344975,120200,1507545,1a664c2c2bd6239c309e1bf86249356944a10f45
2021-01-31,56,25976946.0,67171483.0,12007.0,95013.0,704700.0,18968.0,41934.0,6291.0,4019.0,2021-01-31T24:00:00Z,432189.0,704700.0,311887083,2021-01-31T24:00:00Z,,0,0,2059,2171,224593,119367,1725724,e4f76197700457237870b32c7da34314b97167f9
2021-01-30,56,25857579.0,66946890.0,11986.0,97561.0,702529.0,19130.0,41872.0,6329.0,4016.0,2021-01-30T24:00:00Z,430130.0,702529.0,310161359,2021-01-30T24:00:00Z,,0,0,2982,3147,232299,148824,2139579,7d92d3a85772369d403427a69e613db17892c4e0
2021-01-29,56,25708755.0,66714591.0,12400.0,101003.0,699382.0,19609.0,41758.0,6483.0,4011.0,2021-01-29T24:00:00Z,427148.0,699382.0,308021780,2021-01-29T24:00:00Z,,0,0,3503,2835,284168,167111,1955101,ab8a093eb80eaae01f1f86776a15028812b40e50
2021-01-28,56,25541644.0,66430423.0,12095.0,104303.0,696547.0,20113.0,41588.0,6642.0,4000.0,2021-01-28T24:00:00Z,423645.0,696547.0,306066679,2021-01-28T24:00:00Z,,0,0,4011,3500,269667,157306,1936761,8692445009bb33dee1d85bc95e95bfb8758d9979
2021-01-27,56,25384338.0,66160756.0,11972.0,107444.0,693047.0,20497.0,41402.0,6806.0,3985.0,2021-01-27T24:00:00Z,419634.0,693047.0,304129918,2021-01-27T24:00:00Z,,0,0,4077,4134,244553,153985,1626393,5f21e4490e738297c35e1a4a132c07f890e1dfc1
2021-01-26,56,25230353.0,65916203.0,9879.0,108960.0,688913.0,20573.0,41205.0,6832.0,3976.0,2021-01-26T24:00:00Z,415557.0,688913.0,302503525,2021-01-26T24:00:00Z,,0,0,3734,3705,377450,146448,1733799,a62a2e827836c0c936484465ac931304c5334111
2021-01-25,56,25083905.0,65538753.0,10963.0,109938.0,685208.0,20875.0,41028.0,6857.0,3949.0,2021-01-25T24:00:00Z,411823.0,685208.0,300769726,2021-01-25T24:00:00Z,,0,0,1593,2515,217006,133454,1630391,e0c576faf112999072321cd7dc6265864792ee4b
2021-01-24,56,24950451.0,65321747.0,10892.0,110628.0,682693.0,21168.0,40931.0,6989.0,3943.0,2021-01-24T24:00:00Z,410230.0,682693.0,299139335,2021-01-24T24:00:00Z,,0,0,1944,1909,223447,144234,1792892,bf79335a1227f60427950055b55519be2388b3a1
2021-01-23,56,24806217.0,65098300.0,10864.0,113609.0,680784.0,21657.0,40853.0,7110.0,3941.0,2021-01-23T24:00:00Z,408286.0,680784.0,297346443,2021-01-23T24:00:00Z,,0,0,3591,6652,274547,177118,1990072,47dfa961be79d64fc93c624aa8c30a8878559c1b
2021-01-22,56,24629099.0,64823753.0,11247.0,116264.0,674132.0,22008.0,40687.0,7236.0,3919.0,2021-01-22T24:00:00Z,404695.0,674132.0,295356371,2021-01-22T24:00:00Z,,0,0,3980,4325,284392,190915,2022028,06962832ce32532fd5ccd76cf9eba51fd11b14bd
2021-01-21,56,24438184.0,64539361.0,10907.0,119949.0,669807.0,22309.0,40481.0,7370.0,3910.0,2021-01-21T24:00:00Z,400715.0,669807.0,293334343,2021-01-21T24:00:00Z,,0,0,3878,4053,267695,186275,1933682,21696545a9eca409a45f2f497e0fa38ebd1a25eb
2021-01-20,56,24251909.0,64271666.0,10529.0,122754.0,665754.0,22834.0,40340.0,7564.0,3897.0,2021-01-20T24:00:00Z,396837.0,665754.0,291400661,2021-01-20T24:00:00Z,,0,0,4409,5105,342450,189203,1851350,819039596a7dcf8d78153d40208f57851b7db32e
2021-01-19,56,24062706.0,63929216.0,11503.0,123910.0,660649.0,23054.0,40103.0,7688.0,3883.0,2021-01-19T24:00:00Z,392428.0,660649.0,289549311,2021-01-19T24:00:00Z,,0,0,2141,3206,329847,146626,1596863,11b510b66d6edce36bf0aed51c3e8296ce47c277
2021-01-18,56,23916080.0,63599369.0,11477.0,123848.0,657443.0,23226.0,39973.0,7772.0,3865.0,2021-01-18T24:00:00Z,390287.0,657443.0,287952448,2021-01-18T24:00:00Z,,0,0,1395,2839,192825,150792,1771268,d9e4af585fc4167d1e9628e25d97a7c6e4a40e99
2021-01-17,56,23765288.0,63406544.0,11404.0,124387.0,654604.0,23432.0,39864.0,7797.0,3860.0,2021-01-17T24:00:00Z,388892.0,654604.0,286181180,2021-01-17T24:00:00Z,,0,0,2053,2167,277842,187218,1916756,1aef54cdc324f99322ee4f9bc4a5fdee7543bdc8
2021-01-16,56,23578070.0,63128702.0,11334.0,126139.0,652437.0,23524.0,39797.0,7755.0,3858.0,2021-01-16T24:00:00Z,386839.0,652437.0,284264424,2021-01-16T24:00:00Z,,0,0,3709,4039,226342,218085,2116224,8bd15f2d04c47a37855909d9cbddfe1268db349f
2021-01-15,56,23359985.0,62902360.0,11948.0,127235.0,648398.0,23593.0,39626.0,7772.0,3845.0,2021-01-15T24:00:00Z,383130.0,648398.0,282148200,2021-01-15T24:00:00Z,,0,0,3679,4000,410997,246454,2309884,aebb983bfe704ed005f908899e42a3df7051bd76
2021-01-14,56,23113531.0,62491363.0,12138.0,128947.0,644398.0,23891.0,39418.0,7878.0,3829.0,2021-01-14T24:00:00Z,379451.0,644398.0,279838316,2021-01-14T24:00:00Z,,0,0,3915,3792,305894,225616,2048899,2750d68904863f78abbb73c734ac405cfceecf81
2021-01-13,56,22887915.0,62185469.0,10942.0,130391.0,640606.0,23857.0,39248.0,7902.0,3811.0,2021-01-13T24:00:00Z,375536.0,640606.0,277789417,2021-01-13T24:00:00Z,,0,0,4087,5312,237885,224491,1827396,6c0eec149b4b4748b89cd27ff01076f0e2119710
2021-01-12,56,22663424.0,61947584.0,9181.0,131326.0,635294.0,23881.0,39049.0,7879.0,3796.0,2021-01-12T24:00:00Z,371449.0,635294.0,275962021,2021-01-12T24:00:00Z,,0,0,4064,4657,443993,218020,1944234,bf3972ee2333e0ff7bcf5a540e6b1a0d1e441b24
2021-01-11,56,22445404.0,61503591.0,11039.0,129793.0,630637.0,23501.0,38823.0,7786.0,3773.0,2021-01-11T24:00:00Z,367385.0,630637.0,274017787,2021-01-11T24:00:00Z,,0,0,1733,3045,210610,195255,1695767,22c31c3ff9a1bd641b214b6d5205f3511257e78b
2021-01-10,56,22250149.0,61292981.0,10957.0,129223.0,627592.0,23640.0,38706.0,7878.0,3771.0,2021-01-10T24:00:00Z,365652.0,627592.0,272322020,2021-01-10T24:00:00Z,,0,0,2068,2413,270382,228732,2051661,7cccf18801ff31632d640e53a26af5f7e254c2d2
2021-01-09,56,22021417.0,61022599.0,10850.0,130781.0,625179.0,23718.0,38607.0,7791.0,3767.0,2021-01-09T24:00:00Z,363584.0,625179.0,270270359,2021-01-09T24:00:00Z,,0,0,3537,6683,290183,269368,2137700,49df0480c84e8cf8031e9daf58f6228759e6985f
2021-01-08,56,21752049.0,60732416.0,11633.0,131921.0,618496.0,23912.0,38432.0,7908.0,3756.0,2021-01-08T24:00:00Z,360047.0,618496.0,268132659,2021-01-08T24:00:00Z,,0,0,3780,4705,320284,295121,2146223,627026ea4e8920a0200db4738f162eb161b8b6d1
2021-01-07,56,21456928.0,60412132.0,11612.0,132370.0,613791.0,23821.0,38236.0,7900.0,3748.0,2021-01-07T24:00:00Z,356267.0,613791.0,265986436,2021-01-07T24:00:00Z,,0,0,4079,5312,246578,272043,1928262,91f84c1dd65e0cb375e7bd4560805e810a071942
2021-01-06,56,21184885.0,60165554.0,10062.0,132474.0,608479.0,23708.0,38064.0,7946.0,3739.0,2021-01-06T24:00:00Z,352188.0,608479.0,264058174,2021-01-06T24:00:00Z,,0,0,3902,6607,263088,250184,1650493,2d62aa82b972b446848804e4ae2fa5ea5338d430
2021-01-05,56,20934701.0,59902466.0,8008.0,131195.0,601872.0,23509.0,37841.0,7976.0,3718.0,2021-01-05T24:00:00Z,348286.0,601872.0,262407681,2021-01-05T24:00:00Z,,0,0,3484,4290,480256,219075,1721007,589a85913c25309b31dbd8635ff14059b3eb6473
2021-01-04,56,20715626.0,59422210.0,9463.0,128210.0,597582.0,23435.0,37586.0,7930.0,3692.0,2021-01-04T24:00:00Z,344802.0,597582.0,260686674,2021-01-04T24:00:00Z,,0,0,1547,3892,148614,179571,1512611,35eeaeb8a3db8e46a289a54bc7b08e3c14fc90c7
2021-01-03,56,20536055.0,59273596.0,9407.0,125562.0,593690.0,23243.0,37433.0,7939.0,3688.0,2021-01-03T24:00:00Z,343255.0,593690.0,259174063,2021-01-03T24:00:00Z,,0,0,1455,2226,215583,208457,1444257,a7e7dcfaf216b997aa301630cdb3ab1ad9b4382f
2021-01-02,56,20327598.0,59058013.0,9356.0,123614.0,591464.0,23133.0,37309.0,7910.0,3684.0,2021-01-02T24:00:00Z,341800.0,591464.0,257729806,2021-01-02T24:00:00Z,,0,0,2406,3051,221792,280318,1934350,1cae9503112548803a332efdf3e3caaeee904141
2021-01-01,56,20047280.0,58836221.0,11506.0,125047.0,588413.0,23255.0,37196.0,7990.0,3681.0,2021-01-01T24:00:00Z,339394.0,588413.0,255795456,2021-01-01T24:00:00Z,,0,0,2592,4550,192048,182906,1545537,9994a6eaa4e8fd91674c5ec8f74b237be23fd8ce
2020-12-31,56,19864374.0,58644173.0,14931.0,125423.0,583863.0,23097.0,37066.0,8004.0,3672.0,2020-12-31T24:00:00Z,336802.0,583863.0,254249919,2020-12-31T24:00:00Z,,0,0,3297,4348,262855,226246,1797220,febd6590bd09d2e0ff39e0772a8953caa4106224
2020-12-30,56,19638128.0,58381318.0,14200.0,125220.0,579515.0,23069.0,36855.0,7930.0,3653.0,2020-12-30T24:00:00Z,333505.0,579515.0,252452699,2020-12-30T24:00:00Z,,0,0,3900,5514,215107,229496,1583713,d55afa7354a34a5d7351cd334c201b1329c5d753
2020-12-29,56,19408632.0,58166211.0,9939.0,124686.0,574001.0,22838.0,36583.0,7885.0,3635.0,2020-12-29T24:00:00Z,329605.0,574001.0,250868986,2020-12-29T24:00:00Z,,0,0,3289,5261,201698,199679,1343514,f2b3d4a165d2bce2705b98a772bb8a1aeaa6edf3
2020-12-28,56,19208953.0,57964513.0,10365.0,121202.0,568740.0,22579.0,36308.0,7948.0,3612.0,2020-12-28T24:00:00Z,326316.0,568740.0,249525472,2020-12-28T24:00:00Z,,0,0,1490,3723,309721,164127,1332122,d081afdb641baa8c5081b052abaa2f981835b3cd
2020-12-27,56,19044826.0,57654792.0,10280.0,118720.0,565017.0,22447.0,36164.0,7878.0,3604.0,2020-12-27T24:00:00Z,324826.0,565017.0,248193350,2020-12-27T24:00:00Z,,0,0,1397,2302,204288,153540,1395240,b3d199ee2f4ed59fa488cb97b2d300a6366a4b63
2020-12-26,56,18891286.0,57450504.0,10229.0,117344.0,562715.0,22373.0,36038.0,7809.0,3593.0,2020-12-26T24:00:00Z,323429.0,562715.0,246798110,2020-12-26T24:00:00Z,,0,0,1426,2292,214555,190594,1974298,01109e24d18c9914d7209c6f42f6a6d3e793b019
2020-12-25,56,18700692.0,57235949.0,10214.0,118948.0,560423.0,22418.0,35945.0,7831.0,3592.0,2020-12-25T24:00:00Z,322003.0,560423.0,244823812,2020-12-25T24:00:00Z,,0,0,1553,2047,170690,126796,1568040,0f051125d8d087b7d16ff389091232fd325c3d12
2020-12-24,56,18573896.0,57065259.0,14410.0,120200.0,558376.0,22623.0,35899.0,7792.0,3587.0,2020-12-24T24:00:00Z,320450.0,558376.0,243255772,2020-12-24T24:00:00Z,,0,0,2958,4289,322117,206684,2031894,d0910e80c9a5375fafacdd471012847ce2f8724f
2020-12-23,56,18367212.0,56743142.0,13784.0,119463.0,554087.0,22489.0,35695.0,7819.0,3579.0,2020-12-23T24:00:00Z,317492.0,554087.0,241223878,2020-12-23T24:00:00Z,,0,0,3393,4795,304962,224526,1791481,7d7be5c7af716807b2a5cf6af6340d77c50a2f57
2020-12-22,56,18142686.0,56438180.0,9934.0,117777.0,549292.0,22213.0,35428.0,7830.0,3554.0,2020-12-22T24:00:00Z,314099.0,549292.0,239432397,2020-12-22T24:00:00Z,,0,0,3137,4567,268046,193008,1770133,5b6b41dfb20daa59ceb73823074eb15004c2663a
2020-12-21,56,17949678.0,56170134.0,12425.0,115358.0,544725.0,21884.0,35178.0,7783.0,3539.0,2020-12-21T24:00:00Z,310962.0,544725.0,237662264,2020-12-21T24:00:00Z,,0,0,1480,3111,439796,179406,1974590,714f8224c880b41217c2de98ebcf093ace15be56
2020-12-20,56,17770272.0,55730338.0,12410.0,113601.0,541614.0,21763.0,35030.0,7695.0,3530.0,2020-12-20T24:00:00Z,309482.0,541614.0,235687674,2020-12-20T24:00:00Z,,0,0,1668,2382,249266,197494,1821629,c49ecbab3e4aa3c20a7afcd99c35b561ac09a331
2020-12-19,56,17572778.0,55481072.0,12420.0,113914.0,539232.0,21692.0,34949.0,7786.0,3529.0,2020-12-19T24:00:00Z,307814.0,539232.0,233866045,2020-12-19T24:00:00Z,,0,0,2708,3429,200763,204873,1859539,047a8b64ac5b7719d46e7d82abd5a2bcd5c0211d
2020-12-18,56,17367905.0,55280309.0,13454.0,113955.0,535803.0,21745.0,34716.0,7786.0,3519.0,2020-12-18T24:00:00Z,305106.0,535803.0,232006506,2020-12-18T24:00:00Z,,0,0,2866,5214,450795,241786,2193466,14206a45d17c0ebf5b2db4f29235c8b255590857
2020-12-17,56,17126119.0,54829514.0,13003.0,114492.0,530589.0,21912.0,34485.0,7848.0,3504.0,2020-12-17T24:00:00Z,302240.0,530589.0,229813040,2020-12-17T24:00:00Z,,0,0,3465,5167,246432,242970,1912697,9d1daf6b4945d33b62d036344825da32d1c8d4db
2020-12-16,56,16883149.0,54583082.0,12843.0,113257.0,525422.0,21943.0,34237.0,7782.0,3488.0,2020-12-16T24:00:00Z,298775.0,525422.0,227900343,2020-12-16T24:00:00Z,,0,0,3453,4776,303846,234288,1839996,7fa8571f82eb8dbe23629a5c5624e26ea1bc2867
2020-12-15,56,16648861.0,54279236.0,9693.0,112816.0,520646.0,21897.0,33958.0,7702.0,3460.0,2020-12-15T24:00:00Z,295322.0,520646.0,226060347,2020-12-15T24:00:00Z,,0,0,2924,4430,316712,193218,1833138,e0eaca65c5bb6e7a7e99cd9e2d97dc0a89251435
2020-12-14,56,16455643.0,53962524.0,11448.0,110573.0,516216.0,21458.0,33693.0,7699.0,3442.0,2020-12-14T24:00:00Z,292398.0,516216.0,224227209,2020-12-14T24:00:00Z,,0,0,1357,3461,456078,193286,2010951,82b06d9c633de0ef58a3596bf3158c6ea2f8639c
2020-12-13,56,16262357.0,53506446.0,11382.0,109298.0,512755.0,21230.0,33494.0,7535.0,3432.0,2020-12-13T24:00:00Z,291041.0,512755.0,222216258,2020-12-13T24:00:00Z,,0,0,1501,2314,299810,187251,1827310,322713c10f5e885956b0e9736fa792a55c546a72
2020-12-12,56,16075106.0,53206636.0,11345.0,108461.0,510441.0,21198.0,33419.0,7515.0,3430.0,2020-12-12T24:00:00Z,289540.0,510441.0,220388948,2020-12-12T24:00:00Z,,0,0,2497,3789,226203,226904,1919896,70c91ccacfc569cdbd8582e832ec0f77a50d4371
2020-12-11,56,15848202.0,52980433.0,13421.0,108101.0,506652.0,21012.0,33237.0,7488.0,3424.0,2020-12-11T24:00:00Z,287043.0,506652.0,218469052,2020-12-11T24:00:00Z,,0,0,2747,5411,350441,236933,1969509,b04ff95fcd06addaa0f6ddcba59a94825c5e9f1a
2020-12-10,56,15611269.0,52629992.0,12409.0,107300.0,501241.0,21024.0,32919.0,7444.0,3394.0,2020-12-10T24:00:00Z,284296.0,501241.0,216499543,2020-12-10T24:00:00Z,,0,0,3132,4450,311589,220846,1967578,43e452017b944386938ec97556d206d033276015
2020-12-09,56,15390423.0,52318403.0,13186.0,106671.0,496791.0,20903.0,32720.0,7621.0,3376.0,2020-12-09T24:00:00Z,281164.0,496791.0,214531965,2020-12-09T24:00:00Z,,0,0,3169,5300,378319,216728,1832545,dec935f236543cd31549e725e06a2794c7714de0
2020-12-08,56,15173695.0,51940084.0,9806.0,104637.0,491491.0,20475.0,32406.0,7251.0,3359.0,2020-12-08T24:00:00Z,277995.0,491491.0,212699420,2020-12-08T24:00:00Z,,0,0,2680,4410,292335,217844,1690914,792db4a2a00edc8820bcc4a2d82e7ba0934873ca
2020-12-07,56,14955851.0,51647749.0,13484.0,102122.0,487081.0,20097.0,32120.0,7067.0,3328.0,2020-12-07T24:00:00Z,275315.0,487081.0,211008506,2020-12-07T24:00:00Z,,0,0,1291,3461,268980,181897,1653269,617fc7a86268ddf44f56b7b720eebd29cc5ff759
2020-12-06,56,14773954.0,51378769.0,13592.0,101501.0,483620.0,20145.0,31946.0,7095.0,3322.0,2020-12-06T24:00:00Z,274024.0,483620.0,209355237,2020-12-06T24:00:00Z,,0,0,1163,2311,299693,182580,1675779,da37620365a3ac7958b6815b8dd808b67dae63db
2020-12-05,56,14591374.0,51079076.0,13433.0,101192.0,481309.0,19947.0,31831.0,7006.0,3321.0,2020-12-05T24:00:00Z,272861.0,481309.0,207679458,2020-12-05T24:00:00Z,,0,0,2486,3513,356781,219070,2302086,5f4f9c20e8953b757a5f6bc1258ca09f9e4048e3
2020-12-04,56,14372304.0,50722295.0,12714.0,101309.0,477796.0,19853.0,31608.0,7018.0,3305.0,2020-12-04T24:00:00Z,270375.0,477796.0,205377372,2020-12-04T24:00:00Z,,0,0,2563,4654,310521,230313,1918739,bc712ea0a264d51e629a77c915a32360b57d9b06
2020-12-03,56,14141991.0,50411774.0,15106.0,100746.0,473142.0,19714.0,31276.0,6875.0,3280.0,2020-12-03T24:00:00Z,267812.0,473142.0,203458633,2020-12-03T24:00:00Z,,0,0,2822,5369,306223,216271,1904020,afd4e62b8fc405c8ee387b5ac7c283332fbb3118
2020-12-02,56,13925720.0,50105551.0,14368.0,100327.0,467773.0,19687.0,31038.0,6855.0,3252.0,2020-12-02T24:00:00Z,264990.0,467773.0,201554613,2020-12-02T24:00:00Z,,0,0,2811,5238,-658774,203429,1587969,fb639848f171c8921ff4089bdf351447dc3df043
2020-12-01,56,13722291.0,50764325.0,8764.0,98814.0,462535.0,19302.0,30749.0,6651.0,3223.0,2020-12-01T24:00:00Z,262179.0,462535.0,199966644,2020-12-01T24:00:00Z,,0,0,2489,4916,263699,181183,1494046,e6f01fdbf1bc66989d8b17c9beaa0103a27e6093
2020-11-30,56,13541108.0,50500626.0,14883.0,96134.0,457619.0,18807.0,30469.0,6520.0,3205.0,2020-11-30T24:00:00Z,259690.0,457619.0,198472598,2020-11-30T24:00:00Z,,0,0,1037,3394,344231,150031,1520240,724103a31c0774867f3a0930cfde74aa45854142
2020-11-29,56,13391077.0,50156395.0,14860.0,93357.0,454225.0,18437.0,30274.0,6245.0,3184.0,2020-11-29T24:00:00Z,258653.0,454225.0,196952358,2020-11-29T24:00:00Z,,0,0,825,2429,226788,137254,1337135,6eac1babd58bae3cd832ffce8159f298657e7ad3
2020-11-28,56,13253823.0,49929607.0,14780.0,91762.0,451796.0,18249.0,30109.0,6148.0,3179.0,2020-11-28T24:00:00Z,257828.0,451796.0,195615223,2020-11-28T24:00:00Z,,0,0,1243,3485,324413,151469,1675224,44b8bcd8f4f699f094a0f30cda0a7e218df07d18
2020-11-27,56,13102354.0,49605194.0,14854.0,89913.0,448311.0,18056.0,29858.0,6028.0,3171.0,2020-11-27T24:00:00Z,256585.0,448311.0,193939999,2020-11-27T24:00:00Z,,0,0,1404,3418,384580,198874,1970528,8476766a0279dafd95222fe1fbb1cafd06e41cbe
2020-11-26,56,12903480.0,49220614.0,14856.0,90564.0,444893.0,18019.0,29673.0,5986.0,3153.0,2020-11-26T24:00:00Z,255181.0,444893.0,191969471,2020-11-26T24:00:00Z,,0,0,1392,2333,179941,129764,1467611,8ca8ff73ed1fd843b2bce0a5dabaddfc37917333
2020-11-25,56,12773716.0,49040673.0,14060.0,90043.0,442560.0,17738.0,29540.0,5987.0,3147.0,2020-11-25T24:00:00Z,253789.0,442560.0,190501860,2020-11-25T24:00:00Z,,0,0,2281,4538,394165,188496,1881059,3ab2bc2bf282b317eb211cdcedefc451c63cc0d5
2020-11-24,56,12585220.0,48646508.0,9962.0,88132.0,438022.0,17317.0,29245.0,5626.0,3123.0,2020-11-24T24:00:00Z,251508.0,438022.0,188620801,2020-11-24T24:00:00Z,,0,0,2091,4685,360586,166503,1873837,99502c586675f5d9ce841b2ba7d8fcae989c3c3d
2020-11-23,56,12418717.0,48285922.0,17617.0,85945.0,433337.0,17060.0,28990.0,5455.0,3106.0,2020-11-23T24:00:00Z,249417.0,433337.0,186746964,2020-11-23T24:00:00Z,,0,0,853,2835,331207,154696,1671011,b21944104773f6c8d20fa3ee2c650c6257b3342e
2020-11-22,56,12264021.0,47954715.0,17578.0,83882.0,430502.0,16411.0,28828.0,5233.0,3094.0,2020-11-22T24:00:00Z,248564.0,430502.0,185075953,2020-11-22T24:00:00Z,,0,0,923,2291,373855,154188,1818793,ef547861546c86bd93a14c91b38643a38d4d58d1
2020-11-21,56,12109833.0,47580860.0,17683.0,83346.0,428211.0,16264.0,28693.0,5103.0,3087.0,2020-11-21T24:00:00Z,247641.0,428211.0,183257160,2020-11-21T24:00:00Z,,0,0,1551,3375,376533,186385,2140465,551553b93b21bf46409a53c010169e7d70c8050d
2020-11-20,56,11923448.0,47204327.0,16221.0,82318.0,424836.0,16146.0,28472.0,5058.0,3078.0,2020-11-20T24:00:00Z,246090.0,424836.0,181116695,2020-11-20T24:00:00Z,,0,0,1910,3903,448167,197164,2004886,13377beaf14b7f3873f8b95330619dad29797251
2020-11-19,56,11726284.0,46756160.0,14596.0,80669.0,420933.0,15759.0,28216.0,4860.0,3052.0,2020-11-19T24:00:00Z,244180.0,420933.0,179111809,2020-11-19T24:00:00Z,,0,0,2010,4456,324389,187932,1845354,5ba4600525b5bc043a02b951b8bf08b86d4bc18d
2020-11-18,56,11538352.0,46431771.0,12971.0,79478.0,416477.0,15557.0,27989.0,4699.0,3024.0,2020-11-18T24:00:00Z,242170.0,416477.0,177266455,2020-11-18T24:00:00Z,,0,0,1885,4352,346915,168220,1701006,571f8206dea18d320da26e9c16c69922272d0ab8
2020-11-17,56,11370132.0,46084856.0,9281.0,77047.0,412125.0,15009.0,27681.0,4379.0,3004.0,2020-11-17T24:00:00Z,240285.0,412125.0,175565449,2020-11-17T24:00:00Z,,0,0,1553,3887,300498,159826,1634272,dad122bd34413930379f5e511860ad30b8a49ae2
2020-11-16,56,11210306.0,45784358.0,13639.0,73320.0,408238.0,14471.0,27437.0,4156.0,2988.0,2020-11-16T24:00:00Z,238732.0,408238.0,173931177,2020-11-16T24:00:00Z,,0,0,607,2907,249458,149977,1484630,7b5037f5e738cd8d113560bdf8ab533beafa3dd7
2020-11-15,56,11060329.0,45534900.0,13654.0,70202.0,405331.0,13849.0,27269.0,3939.0,2975.0,2020-11-15T24:00:00Z,238125.0,405331.0,172446547,2020-11-15T24:00:00Z,,0,0,712,1868,400351,147062,1626437,234e98be4a316e55c1e885959a15df5d7f27e711
2020-11-14,56,10913267.0,45134549.0,13657.0,69588.0,403463.0,13491.0,27172.0,3945.0,2972.0,2020-11-14T24:00:00Z,237413.0,403463.0,170820110,2020-11-14T24:00:00Z,,0,0,1353,3468,300446,167726,1785889,480f6a606eba11f9bb6402edd707baca6c0cbba0
2020-11-13,56,10745541.0,44834103.0,12010.0,68585.0,399995.0,13280.0,26997.0,3766.0,2967.0,2020-11-13T24:00:00Z,236060.0,399995.0,169034221,2020-11-13T24:00:00Z,,0,0,1301,3673,331974,174633,1742559,cec9dca3f034c7218fdc55f8f8634d9040a190b0
2020-11-12,56,10570908.0,44502129.0,11385.0,67236.0,396322.0,12917.0,26803.0,3622.0,2954.0,2020-11-12T24:00:00Z,234759.0,396322.0,167291662,2020-11-12T24:00:00Z,,0,0,1112,3562,271550,157542,1607551,108e545e857a30a0b22bca57465c58838922701a
2020-11-11,56,10413366.0,44230579.0,11287.0,65549.0,392760.0,12626.0,26584.0,3365.0,2947.0,2020-11-11T24:00:00Z,233647.0,392760.0,165684111,2020-11-11T24:00:00Z,,0,0,1577,3281,283243,149333,1503560,1261ba112ac98aa1779a6bd93c8c460826223999
2020-11-10,56,10264033.0,43947336.0,8579.0,62119.0,389479.0,12057.0,26335.0,3202.0,2922.0,2020-11-10T24:00:00Z,232070.0,389479.0,164180551,2020-11-10T24:00:00Z,,0,0,1358,4070,203377,135569,1386936,bf739d96c71cabbdf6cde427f01e0eda7f8748d4
2020-11-09,56,10128464.0,43743959.0,23458.0,59342.0,385409.0,11636.0,26087.0,3111.0,2907.0,2020-11-09T24:00:00Z,230712.0,385409.0,162793615,2020-11-09T24:00:00Z,,0,0,577,2176,283666,118403,1314380,ebdd274b4919a2f993748b3c10491e337507f6e7
2020-11-08,56,10010061.0,43460293.0,23353.0,56942.0,383233.0,11223.0,25819.0,2977.0,2900.0,2020-11-08T24:00:00Z,230135.0,383233.0,161479235,2020-11-08T24:00:00Z,,0,0,513,1467,239635,112445,1266058,7eb6b9d9c614451e644c9de31ff8dc7e712668c2
2020-11-07,56,9897616.0,43220658.0,23295.0,56037.0,381766.0,11215.0,25721.0,2947.0,2898.0,2020-11-07T24:00:00Z,229622.0,381766.0,160213177,2020-11-07T24:00:00Z,,0,0,1125,2341,357869,132113,1546164,30dd8e71d67240ecaea0a83f46b5f72d7857db78
2020-11-06,56,9765503.0,42862789.0,11804.0,55005.0,379425.0,11213.0,25498.0,2850.0,2885.0,2020-11-06T24:00:00Z,228497.0,379425.0,158667013,2020-11-06T24:00:00Z,,0,0,1185,3121,314445,129990,1772955,b616af7f48793ba11bd9ca0ee5f6d43d266f225f
2020-11-05,56,9635513.0,42548344.0,11233.0,53380.0,376304.0,11050.0,25276.0,2876.0,2872.0,2020-11-05T24:00:00Z,227312.0,376304.0,156894058,2020-11-05T24:00:00Z,,0,0,1154,2553,302427,119023,1561062,28ab88ba50789f0f2f56153766eb7672641b4c4d
2020-11-04,56,9516490.0,42245917.0,10117.0,52166.0,373751.0,10892.0,25041.0,2832.0,2853.0,2020-11-04T24:00:00Z,226158.0,373751.0,155332996,2020-11-04T24:00:00Z,,0,0,1131,3107,202598,105996,1318451,285ef8084ab9ad05307e45b8dd95b977127e69e7
2020-11-03,56,9410494.0,42043319.0,8003.0,50509.0,370644.0,10538.0,24796.0,2734.0,2833.0,2020-11-03T24:00:00Z,225027.0,370644.0,154014545,2020-11-03T24:00:00Z,,0,0,1517,3135,255848,119949,1269152,c0e4e6a613cb4ee654e4506dff34a572527ae69c
2020-11-02,56,9290545.0,41787471.0,10655.0,48750.0,367509.0,9957.0,24560.0,2633.0,2809.0,2020-11-02T24:00:00Z,223510.0,367509.0,152745393,2020-11-02T24:00:00Z,,0,0,475,1399,283444,83454,1238898,60cc1f499ddba555f87f758c85747f38b27cf5e4
2020-11-01,56,9207091.0,41504027.0,10617.0,47615.0,366110.0,9665.0,24457.0,2553.0,2797.0,2020-11-01T24:00:00Z,223035.0,366110.0,151506495,2020-11-01T24:00:00Z,,0,0,410,1166,228603,141974,1160138,1b0570500365e585ffa2bc6b2499d700fe60fb03
2020-10-31,56,9065117.0,41275424.0,10635.0,47486.0,364944.0,9613.0,24375.0,2502.0,2786.0,2020-10-31T24:00:00Z,222625.0,364944.0,150346357,2020-10-31T24:00:00Z,,0,0,958,2116,325765,91293,1473444,c863da6ca01b0971cc5f583225667447b0ddcc2e
2020-10-30,56,8973824.0,40949659.0,11120.0,46880.0,362828.0,9550.0,24230.0,2477.0,2776.0,2020-10-30T24:00:00Z,221667.0,362828.0,148872913,2020-10-30T24:00:00Z,,0,0,947,2403,206695,97942,1423126,92ade781e6416148c7f0fd49f74f9b7f1ad1fa49
2020-10-29,56,8875882.0,40742964.0,10481.0,46191.0,360425.0,9320.0,24082.0,2399.0,2760.0,2020-10-29T24:00:00Z,220720.0,360425.0,147449787,2020-10-29T24:00:00Z,,0,0,1060,2321,317094,89365,1453174,68b99161bd498b1e7d498e13ec3b3a40800cbbe2
2020-10-28,56,8786517.0,40425870.0,9600.0,45214.0,358104.0,9133.0,23883.0,2354.0,2744.0,2020-10-28T24:00:00Z,219660.0,358104.0,145996613,2020-10-28T24:00:00Z,,0,0,1047,2461,265933,79700,1150428,690810f65ea704334fa54f0e2d127052e2060562
2020-10-27,56,8706817.0,40159937.0,8129.0,44391.0,355643.0,8985.0,23701.0,2283.0,2719.0,2020-10-27T24:00:00Z,218613.0,355643.0,144846185,2020-10-27T24:00:00Z,,0,0,922,2290,220640,72255,1150455,69cdc63c62446f7375f4934a8037a18b95cbefd1
2020-10-26,56,8634562.0,39939297.0,11083.0,42988.0,353353.0,8946.0,23542.0,2300.0,2703.0,2020-10-26T24:00:00Z,217691.0,353353.0,143695730,2020-10-26T24:00:00Z,,0,0,397,1697,268034,63430,1131572,1ed78bcb5929fa9508f2249cc000616978e8da65
2020-10-25,56,8571132.0,39671263.0,11093.0,41883.0,351656.0,8590.0,23420.0,2176.0,2693.0,2020-10-25T24:00:00Z,217294.0,351656.0,142564158,2020-10-25T24:00:00Z,,0,0,391,1076,268680,64471,1222362,3f8f83be71014a0b16d48bee4ca835af4f38b10e
2020-10-24,56,8506661.0,39402583.0,11087.0,42087.0,350580.0,8675.0,23356.0,2230.0,2691.0,2020-10-24T24:00:00Z,216903.0,350580.0,141341796,2020-10-24T24:00:00Z,,0,0,896,1822,259771,83792,1370239,469cea190a115af16080c685ba720a694371ffa9
2020-10-23,56,8422869.0,39142812.0,11853.0,41614.0,348758.0,8342.0,23221.0,2180.0,2679.0,2020-10-23T24:00:00Z,216007.0,348758.0,139971557,2020-10-23T24:00:00Z,,0,0,949,2801,304853,82575,1444382,9c4d2c55358cca2e590174ab908e3a64ccc87ad7
2020-10-22,56,8340294.0,38837959.0,12222.0,41114.0,345957.0,8180.0,23018.0,2147.0,2641.0,2020-10-22T24:00:00Z,215058.0,345957.0,138527175,2020-10-22T24:00:00Z,,0,0,1094,2229,301777,72273,1305768,1641e78cd9588971e62947116ddc711cfdd9efef
2020-10-21,56,8268021.0,38536182.0,10241.0,40397.0,343728.0,8291.0,22855.0,2083.0,2622.0,2020-10-21T24:00:00Z,213964.0,343728.0,137221407,2020-10-21T24:00:00Z,,0,0,1051,2399,201552,62856,1055928,3ce69a5bd59a55c23d3a1355ece3c53a1d8bcd51
2020-10-20,56,8205165.0,38334630.0,8014.0,39391.0,341329.0,8206.0,22662.0,2042.0,2593.0,2020-10-20T24:00:00Z,212913.0,341329.0,136165479,2020-10-20T24:00:00Z,,0,0,833,2309,201519,60574,1034354,fb3c824f3bdb25a2e9cc63e4cb7a5939af9cbfbb
2020-10-19,56,8144591.0,38133111.0,12138.0,37976.0,339020.0,8063.0,22475.0,1804.0,2577.0,2020-10-19T24:00:00Z,212080.0,339020.0,135131125,2020-10-19T24:00:00Z,,0,0,443,1605,347469,57650,1100768,acf9b7c70cf3739a64c50a4e6536eefb658fb3c9
2020-10-18,56,8086941.0,37785642.0,12059.0,36536.0,337415.0,7383.0,22391.0,1762.0,2557.0,2020-10-18T24:00:00Z,211637.0,337415.0,134030357,2020-10-18T24:00:00Z,,0,0,405,813,193978,47957,1074271,e9623194fa2a12b99a244050e509154f4ba65564
2020-10-17,56,8038984.0,37591664.0,12109.0,37474.0,336602.0,7466.0,22320.0,1791.0,2553.0,2020-10-17T24:00:00Z,211232.0,336602.0,132956086,2020-10-17T24:00:00Z,,0,0,780,1546,260557,57675,1329098,cb8bc2edbca046505d99482d0c07a5999416c738
2020-10-16,56,7981309.0,37331107.0,13091.0,37479.0,335056.0,7333.0,22202.0,1740.0,2547.0,2020-10-16T24:00:00Z,210452.0,335056.0,131626988,2020-10-16T24:00:00Z,,0,0,891,1866,272444,68505,1247307,edb8a970f7c1dcaf14756e7a74602c175ab36b8f
2020-10-15,56,7912804.0,37058663.0,13001.0,37423.0,333190.0,7303.0,22051.0,1773.0,2531.0,2020-10-15T24:00:00Z,209561.0,333190.0,130379681,2020-10-15T24:00:00Z,,0,0,928,2010,263255,63641,1182695,6867eb321540217ac24843b49137ca4b3bf4a917
2020-10-14,56,7849163.0,36795408.0,11100.0,37184.0,331180.0,7236.0,21889.0,1775.0,2516.0,2020-10-14T24:00:00Z,208633.0,331180.0,129196986,2020-10-14T24:00:00Z,,0,0,801,2437,144110,57240,1114421,6286961ea5f01778c85df2fedb21798f2ecd3a89
2020-10-13,56,7791923.0,36651298.0,8008.0,36171.0,328743.0,7104.0,21735.0,1757.0,2485.0,2020-10-13T24:00:00Z,207832.0,328743.0,128082565,2020-10-13T24:00:00Z,,0,0,718,2058,210401,46914,1085144,6fc97d61c38bfe7d1ceb1b0df4c44fe9843b66e8
2020-10-12,56,7745009.0,36440897.0,11329.0,35143.0,326685.0,6860.0,21629.0,1663.0,2464.0,2020-10-12T24:00:00Z,207114.0,326685.0,126997421,2020-10-12T24:00:00Z,,0,0,284,1104,213302,43248,950483,28a7b039fd978d2ea30917c73b62b8d1bb4ba591
2020-10-11,56,7701761.0,36227595.0,11261.0,34610.0,325581.0,6749.0,21553.0,1646.0,2454.0,2020-10-11T24:00:00Z,206830.0,325581.0,126046938,2020-10-11T24:00:00Z,,0,0,472,983,220736,46723,1106595,a6af86977566969f49e9557de4d1a9f050069aa6
2020-10-10,56,7655038.0,36006859.0,11223.0,34700.0,324598.0,6752.0,21512.0,1667.0,2451.0,2020-10-10T24:00:00Z,206358.0,324598.0,124940343,2020-10-10T24:00:00Z,,0,0,690,1485,296196,57543,1299743,db3e14a96323665366dcdacc4135ff1b0ead78cd
2020-10-09,56,7597495.0,35710663.0,13078.0,34973.0,323113.0,6775.0,21388.0,1651.0,2437.0,2020-10-09T24:00:00Z,205668.0,323113.0,123640600,2020-10-09T24:00:00Z,,0,0,914,1736,282790,57085,1275712,7aff88bc3760da8df5d9ddbc804bfd015a7c87dc
2020-10-08,56,7540410.0,35427873.0,13087.0,34446.0,321377.0,6694.0,21217.0,1638.0,2427.0,2020-10-08T24:00:00Z,204754.0,321377.0,122364888,2020-10-08T24:00:00Z,,0,0,979,2134,6923,55308,1225426,67002312b40c9e5069c407e1e2cc32069c3fde8d
2020-10-07,56,7485102.0,35420950.0,12269.0,33565.0,319243.0,6591.0,21112.0,1650.0,2410.0,2020-10-07T24:00:00Z,203775.0,319243.0,121139462,2020-10-07T24:00:00Z,,0,0,929,2138,232274,51216,1081509,793a9cdd3d34251027a6dc256d8dc7c6d35a3f73
2020-10-06,56,7433886.0,35188676.0,8680.0,32726.0,317105.0,6490.0,20973.0,1609.0,2388.0,2020-10-06T24:00:00Z,202846.0,317105.0,120057953,2020-10-06T24:00:00Z,,0,0,613,-752,185103,38846,954557,9be4f8807ad805044911a35aca71369ab6595797
2020-10-05,56,7395040.0,35003573.0,11544.0,31426.0,317857.0,6292.0,20812.0,1514.0,2370.0,2020-10-05T24:00:00Z,202233.0,317857.0,119103396,2020-10-05T24:00:00Z,,0,0,331,1447,243549,37752,937566,b647d8534643987376b91e762f4e64a57312a18f
2020-10-04,56,7357288.0,34760024.0,11471.0,30063.0,316410.0,6056.0,20729.0,1485.0,2362.0,2020-10-04T24:00:00Z,201902.0,316410.0,118165830,2020-10-04T24:00:00Z,,0,0,380,663,298235,38165,1026748,2a7d844091a4c1342b46cd0a8265b9babaa6a09e
2020-10-03,56,7319123.0,34461789.0,11464.0,30209.0,315747.0,6073.0,20686.0,1501.0,2358.0,2020-10-03T24:00:00Z,201522.0,315747.0,117139082,2020-10-03T24:00:00Z,,0,0,738,1088,182570,50874,1126528,6fff998f53f12e078bb75744afab15c0c97191d8
2020-10-02,56,7268249.0,34279219.0,10813.0,30880.0,314659.0,6195.0,20612.0,1534.0,2348.0,2020-10-02T24:00:00Z,200784.0,314659.0,116012554,2020-10-02T24:00:00Z,,0,0,842,1443,311588,49427,1216123,59b4b8322626727fdb47b773bbaf7143a3944603
2020-10-01,56,7218822.0,33967631.0,13003.0,30942.0,313216.0,6262.0,20492.0,1543.0,2334.0,2020-10-01T24:00:00Z,199942.0,313216.0,114796431,2020-10-01T24:00:00Z,,0,0,862,1757,214834,45720,1016972,dfeb07e5043e48c051c0fe3531f868a7660ef0a0
2020-09-30,56,7173102.0,33752797.0,9431.0,31021.0,311459.0,6241.0,20390.0,1510.0,2319.0,2020-09-30T24:00:00Z,199080.0,311459.0,113779459,2020-09-30T24:00:00Z,,0,0,1064,1618,226976,44909,976422,543439a5028b2088ad7eb5476414dc9d02055052
2020-09-29,56,7128193.0,33525821.0,7695.0,30601.0,309841.0,6172.0,20247.0,1497.0,2298.0,2020-09-29T24:00:00Z,198016.0,309841.0,112803037,2020-09-29T24:00:00Z,,0,0,724,1673,203930,36766,992038,39193bebb44cf1a7ccf13086bee74acd233d9aef
2020-09-28,56,7091427.0,33321891.0,11112.0,29696.0,308168.0,6048.0,20121.0,1513.0,2285.0,2020-09-28T24:00:00Z,197292.0,308168.0,111810999,2020-09-28T24:00:00Z,,0,0,246,1181,258394,35376,991825,03c11e66d017a5f2b8547c4ee685dbfca98dd24e
2020-09-27,56,7056051.0,33063497.0,11136.0,29579.0,306987.0,6170.0,20050.0,1511.0,2277.0,2020-09-27T24:00:00Z,197046.0,306987.0,110819174,2020-09-27T24:00:00Z,,0,0,310,613,193116,34990,932751,3111bcdff6b447080a85eea5ad1b25eff86607a6
2020-09-26,56,7021061.0,32870381.0,11183.0,29670.0,306374.0,6143.0,20002.0,1509.0,2272.0,2020-09-26T24:00:00Z,196736.0,306374.0,109886423,2020-09-26T24:00:00Z,,0,0,873,1214,260732,47227,1136490,fb4d4135cab1f3049880dd17bdebd43efc96a487
2020-09-25,56,6973834.0,32609649.0,10905.0,29891.0,305160.0,6220.0,19919.0,1508.0,2264.0,2020-09-25T24:00:00Z,195863.0,305160.0,108749933,2020-09-25T24:00:00Z,,0,0,847,1333,290503,55278,1156284,a7b5448b704896b1774f7bae1585b49f9d39d342
2020-09-24,56,6918556.0,32319146.0,12008.0,30159.0,303827.0,6274.0,19555.0,1560.0,2177.0,2020-09-24T24:00:00Z,195016.0,303827.0,107593649,2020-09-24T24:00:00Z,,0,0,938,1484,254550,43341,1010190,87f6008311bfba7d6c28063f9cc032c16e6462fd
2020-09-23,56,6875215.0,32064596.0,10535.0,30015.0,302343.0,6200.0,19452.0,1545.0,2154.0,2020-09-23T24:00:00Z,194078.0,302343.0,106583459,2020-09-23T24:00:00Z,,0,0,1156,1454,223960,39498,1013367,3f38dcc908f982ac39c2a4c6c5a0fc7dbaaeda1c
2020-09-22,56,6835717.0,31840636.0,7999.0,29645.0,300889.0,6188.0,19324.0,1558.0,2130.0,2020-09-22T24:00:00Z,192922.0,300889.0,105570092,2020-09-22T24:00:00Z,,0,0,859,1534,258099,48986,917213,ca26b976121406a0100926aea92aa95732fd013f
2020-09-21,56,6786731.0,31582537.0,13241.0,28849.0,299355.0,6138.0,19353.0,1570.0,2116.0,2020-09-21T24:00:00Z,192063.0,299355.0,104652879,2020-09-21T24:00:00Z,,0,0,281,1064,146752,39162,750351,56ca7458c12d66a10828703b963267f7bb1afe7f
2020-09-20,56,6747569.0,31435785.0,13192.0,28724.0,298291.0,6100.0,19281.0,1595.0,2112.0,2020-09-20T24:00:00Z,191782.0,298291.0,103902528,2020-09-20T24:00:00Z,,0,0,327,525,265956,35533,994272,13ca9774b90aa85f494c3c0c7128a2b0d9f5e22f
2020-09-19,56,6712036.0,31169829.0,13217.0,29185.0,297766.0,6163.0,19243.0,1577.0,2111.0,2020-09-19T24:00:00Z,191455.0,297766.0,102908256,2020-09-19T24:00:00Z,,0,0,747,1051,279068,45668,1169942,5d722485c8f8bcf2256b448c75faa51da012f48d
2020-09-18,56,6666368.0,30890761.0,11805.0,29651.0,296715.0,6175.0,19163.0,1608.0,2107.0,2020-09-18T24:00:00Z,190708.0,296715.0,101738314,2020-09-18T24:00:00Z,,0,0,901,1423,277046,46889,1094695,8809fbbfdb57cbf6619be4e4720ed3e19957d9e4
2020-09-17,56,6619479.0,30613715.0,11768.0,30035.0,295292.0,6285.0,19057.0,1662.0,2092.0,2020-09-17T24:00:00Z,189807.0,295292.0,100643619,2020-09-17T24:00:00Z,,0,0,880,1549,245451,43642,990095,4ba7ffc4c353fc4adecc6eab5d2f38e7d3800916
2020-09-16,56,6575837.0,30368264.0,10587.0,30345.0,293743.0,6303.0,18961.0,1647.0,2090.0,2020-09-16T24:00:00Z,188927.0,293743.0,99653524,2020-09-16T24:00:00Z,,0,0,1190,1461,182360,40319,839956,0322936e628d893c65ff5096c88a4c482d20fab3
2020-09-15,56,6535518.0,30185904.0,4966.0,30427.0,292282.0,6308.0,18847.0,1574.0,2071.0,2020-09-15T24:00:00Z,187737.0,292282.0,98813568,2020-09-15T24:00:00Z,,0,0,1034,1484,216815,34778,852734,4111051e1408687d2967f7105f262b13734fa7b5
2020-09-14,56,6500740.0,29969089.0,10494.0,30225.0,290798.0,6256.0,18748.0,1601.0,2061.0,2020-09-14T24:00:00Z,186703.0,290798.0,97960834,2020-09-14T24:00:00Z,,0,0,407,912,198825,33572,821093,0c04cc1c46f2c1225a2398e3fc7e5e7c5c93ee01
2020-09-13,56,6467168.0,29770264.0,10467.0,30027.0,289886.0,6232.0,18692.0,1654.0,2056.0,2020-09-13T24:00:00Z,186296.0,289886.0,97139741,2020-09-13T24:00:00Z,,0,0,392,545,226347,34579,792700,cac96e90d42dfd72529fa0dc45399db33034ba3f
2020-09-12,56,6432589.0,29543917.0,10403.0,30912.0,289341.0,6449.0,18648.0,1721.0,2051.0,2020-09-12T24:00:00Z,185904.0,289341.0,96347041,2020-09-12T24:00:00Z,,0,0,817,1145,227638,41850,1020760,4a66a052c1fd27e46ddd814c74bef2a4732a5953
2020-09-11,56,6390739.0,29316279.0,10813.0,31679.0,288196.0,6371.0,18549.0,1816.0,2031.0,2020-09-11T24:00:00Z,185087.0,288196.0,95326281,2020-09-11T24:00:00Z,,0,0,1015,1510,244892,44698,937575,df5942aecdf69193e052f9d882a2f66db630120f
2020-09-10,56,6346041.0,29071387.0,10530.0,32535.0,286686.0,6522.0,18453.0,1923.0,2008.0,2020-09-10T24:00:00Z,184072.0,286686.0,94388706,2020-09-10T24:00:00Z,,0,0,1161,1497,195629,37386,821385,686104f43353d34d6d7d45e857ec61e3a6cab6c3
2020-09-09,56,6308655.0,28875758.0,6551.0,32670.0,285189.0,6659.0,18323.0,1906.0,1994.0,2020-09-09T24:00:00Z,182911.0,285189.0,93567321,2020-09-09T24:00:00Z,,0,0,1088,1918,193412,30756,751002,dc6a4491273af009b1584d1059e0cc53b64cb776
2020-09-08,56,6277899.0,28682346.0,8983.0,32255.0,283271.0,6541.0,18189.0,1870.0,1975.0,2020-09-08T24:00:00Z,181823.0,283271.0,92816319,2020-09-08T24:00:00Z,,0,0,347,987,123290,22310,546859,389f101c935fb5f5deda104ecdcd71b60237acc1
2020-09-07,56,6255589.0,28559056.0,8986.0,32052.0,282284.0,6635.0,18156.0,1881.0,1967.0,2020-09-07T24:00:00Z,181476.0,282284.0,92269460,2020-09-07T24:00:00Z,,0,0,227,474,191875,28117,670866,4033f90dc75f35f4e7188536485c81aeee74b50f
2020-09-06,56,6227472.0,28367181.0,8927.0,32428.0,281810.0,6701.0,18125.0,1912.0,1960.0,2020-09-06T24:00:00Z,181249.0,281810.0,91598594,2020-09-06T24:00:00Z,,0,0,452,499,206134,33033,764565,7a2333f9e8f21f8255cfaf9322d66afb19da642e
2020-09-05,56,6194439.0,28161047.0,9021.0,33626.0,281311.0,6758.0,18089.0,1956.0,1956.0,2020-09-05T24:00:00Z,180797.0,281311.0,90834029,2020-09-05T24:00:00Z,,0,0,926,1173,218536,44860,993565,7a6f9748e4f70cb049598e4cb3f41e935cca4387
2020-09-04,56,6149579.0,27942511.0,10118.0,34177.0,280138.0,6922.0,18012.0,1998.0,1943.0,2020-09-04T24:00:00Z,179871.0,280138.0,89840464,2020-09-04T24:00:00Z,,0,0,999,1249,256511,51600,1089037,c0a6c0ba6e42d81c55fc6b019d7988183c039ebb
2020-09-03,56,6097979.0,27686000.0,9987.0,34753.0,278889.0,6923.0,17894.0,2038.0,1928.0,2020-09-03T24:00:00Z,178872.0,278889.0,88751427,2020-09-03T24:00:00Z,,0,0,1072,1488,227081,44631,909820,179d5bd9ff274decd0dd8cd140a25c38f38e8a01
2020-09-02,56,6053348.0,27458919.0,9293.0,35661.0,277401.0,7091.0,17788.0,2027.0,1918.0,2020-09-02T24:00:00Z,177800.0,277401.0,87841607,2020-09-02T24:00:00Z,,0,0,1035,1521,211097,30667,796145,71e03e64498df6920760ef8def42aa3d7a5fad1f
2020-09-01,56,6022681.0,27247822.0,6647.0,35338.0,275880.0,7084.0,17655.0,2041.0,1902.0,2020-09-01T24:00:00Z,176765.0,275880.0,87045462,2020-09-01T24:00:00Z,,0,0,1014,1867,179210,42242,796530,8e46bd9281b3d1330efc5e212f58c7827cb56322
2020-08-31,56,5980439.0,27068612.0,11128.0,35476.0,274013.0,7054.0,17537.0,2080.0,1877.0,2020-08-31T24:00:00Z,175751.0,274013.0,86248932,2020-08-31T24:00:00Z,,0,0,380,710,180728,31720,680649,92225753c5bd18bf9500aa07547714545430ef42
2020-08-30,56,5948719.0,26887884.0,11148.0,35770.0,273303.0,7268.0,17439.0,2057.0,1870.0,2020-08-30T24:00:00Z,175371.0,273303.0,85568283,2020-08-30T24:00:00Z,,0,0,477,662,220804,38766,823352,12f653fb442b4355c6117973923eee757ed6faf6
2020-08-29,56,5909953.0,26667080.0,11151.0,36516.0,272641.0,7413.0,17401.0,2062.0,1864.0,2020-08-29T24:00:00Z,174894.0,272641.0,84744931,2020-08-29T24:00:00Z,,0,0,1017,1299,257166,43995,947087,65ed9b40401dfcf09b2e15f5d766dbead9d127dd
2020-08-28,56,5865958.0,26409914.0,10428.0,37356.0,271342.0,7591.0,17304.0,2087.0,1856.0,2020-08-28T24:00:00Z,173877.0,271342.0,83797844,2020-08-28T24:00:00Z,,0,0,1020,1642,224635,46115,938465,d526021ffccb14df68f1a89a0db8ae15b7260b35
2020-08-27,56,5819843.0,26185279.0,11168.0,37498.0,269700.0,7712.0,17181.0,2128.0,1831.0,2020-08-27T24:00:00Z,172857.0,269700.0,82859379,2020-08-27T24:00:00Z,,0,0,1128,1654,243599,44111,857577,c6512aab6069d528d9bb0a0bb5e4789fac0ce1cc
2020-08-26,56,5775732.0,25941680.0,4081.0,38515.0,268046.0,7742.0,17046.0,2143.0,1809.0,2020-08-26T24:00:00Z,171729.0,268046.0,82001802,2020-08-26T24:00:00Z,,0,0,1300,1804,216584,44331,772668,56da79a79122d16236e6aee09378b3f7cab3a856
2020-08-25,56,5731401.0,25725096.0,4091.0,38831.0,266242.0,7854.0,16920.0,2161.0,1789.0,2020-08-25T24:00:00Z,170429.0,266242.0,81229134,2020-08-25T24:00:00Z,,0,0,1140,1988,224504,36839,743872,ff56735a3152b150f77594a93a4220a9ceb91efc
2020-08-24,56,5694562.0,25500592.0,4143.0,38806.0,264254.0,7854.0,16787.0,2112.0,1764.0,2020-08-24T24:00:00Z,169289.0,264254.0,80485262,2020-08-24T24:00:00Z,,0,0,341,1031,219639,34543,714951,98f357592adc85187e1d12b82970e0b9cc8a1148
2020-08-23,56,5660019.0,25280953.0,4149.0,39064.0,263223.0,7949.0,16697.0,2131.0,1737.0,2020-08-23T24:00:00Z,168948.0,263223.0,79770311,2020-08-23T24:00:00Z,,0,0,577,698,128482,37900,725718,14196cb34b11440a31c67161a8c49235927ae05a
2020-08-22,56,5622119.0,25152471.0,4154.0,40017.0,262525.0,8207.0,16657.0,2204.0,1736.0,2020-08-22T24:00:00Z,168371.0,262525.0,79044593,2020-08-22T24:00:00Z,,0,0,1035,1604,226652,46033,908182,9b0323c0a6337802ccf9420d65f968c76a08491d
2020-08-21,56,5576086.0,24925819.0,4199.0,41052.0,260921.0,8358.0,16563.0,2288.0,1730.0,2020-08-21T24:00:00Z,167336.0,260921.0,78136411,2020-08-21T24:00:00Z,,0,0,1119,1782,254673,46477,915434,42b1b5c0188abf9960fce77c9e52ad60a398f7b1
2020-08-20,56,5529609.0,24671146.0,4170.0,42109.0,259139.0,8486.0,16487.0,2330.0,1716.0,2020-08-20T24:00:00Z,166217.0,259139.0,77220977,2020-08-20T24:00:00Z,,0,0,1129,1983,208472,43844,864210,212f72ef7a0230b66f3c793a2fef7a2bf9e14ff3
2020-08-19,56,5485765.0,24462674.0,4374.0,43406.0,257156.0,8747.0,16377.0,2375.0,1705.0,2020-08-19T24:00:00Z,165088.0,257156.0,76356767,2020-08-19T24:00:00Z,,0,0,1411,1983,243232,45073,832115,852a648ace5453f4e2056e345eb7c847034a1ca1
2020-08-18,56,5440692.0,24219442.0,4412.0,43840.0,255173.0,8859.0,16123.0,2467.0,1695.0,2020-08-18T24:00:00Z,163677.0,255173.0,75524652,2020-08-18T24:00:00Z,,0,0,1179,2261,205817,40070,771994,8b1e47a5a96e5004c9bc918bb1120ecf16b521b4
2020-08-17,56,5400622.0,24013625.0,4298.0,43614.0,252912.0,8881.0,15985.0,2444.0,1678.0,2020-08-17T24:00:00Z,162498.0,252912.0,74752658,2020-08-17T24:00:00Z,,0,0,411,1224,186974,37751,702582,132d7a368df0a197bece55b8cb6a28e7886ffe7a
2020-08-16,56,5362871.0,23826651.0,4302.0,44155.0,251688.0,8958.0,15924.0,2481.0,1665.0,2020-08-16T24:00:00Z,162087.0,251688.0,74050076,2020-08-16T24:00:00Z,,0,0,617,685,258191,42503,785200,ec5cad6aca5cd94095fa6bb7bc940338b4dc484e
2020-08-15,56,5320368.0,23568460.0,4452.0,44922.0,251003.0,9087.0,15891.0,2526.0,1663.0,2020-08-15T24:00:00Z,161470.0,251003.0,73264876,2020-08-15T24:00:00Z,,0,0,1227,1891,249608,56003,893080,c2cfcaf33e8dc4118fe45b494f1c14c06c37ea21
2020-08-14,56,5264365.0,23318852.0,4415.0,45868.0,249112.0,9277.0,15768.0,2555.0,1665.0,2020-08-14T24:00:00Z,160243.0,249112.0,72371796,2020-08-14T24:00:00Z,,0,0,1226,2141,308763,57144,990725,54b5ed0fc874afc927e56e5c689e9b1f93c58dd9
2020-08-13,56,5207221.0,23010089.0,4239.0,47303.0,246971.0,9480.0,15629.0,2574.0,1649.0,2020-08-13T24:00:00Z,159017.0,246971.0,71381071,2020-08-13T24:00:00Z,,0,0,1163,2675,256634,51763,954412,45e199ee643170b667332f3089ad4d587d776625
2020-08-12,56,5155458.0,22753455.0,4174.0,48067.0,244296.0,9564.0,15524.0,2602.0,1629.0,2020-08-12T24:00:00Z,157854.0,244296.0,70426659,2020-08-12T24:00:00Z,,0,0,1517,2971,235552,56186,813796,6b823e6138143958993de622f23e7d4011e62d6f
2020-08-11,56,5099272.0,22517903.0,4118.0,48600.0,241325.0,9135.0,15331.0,2422.0,1612.0,2020-08-11T24:00:00Z,156337.0,241325.0,69612863,2020-08-11T24:00:00Z,,0,0,1320,2624,230600,54935,845183,2bf4b71e286647a8c9a428099407dc214eecda5d
2020-08-10,56,5044337.0,22287303.0,3966.0,48751.0,238701.0,9209.0,15158.0,2529.0,1592.0,2020-08-10T24:00:00Z,155017.0,238701.0,68767680,2020-08-10T24:00:00Z,,0,0,430,1554,210324,41370,741379,1ef3e9b83ca52f8c42331203f9a38f1ea38b0a04
2020-08-09,56,5002967.0,22076979.0,3871.0,48997.0,237147.0,9307.0,15081.0,2507.0,1578.0,2020-08-09T24:00:00Z,154587.0,237147.0,68026301,2020-08-09T24:00:00Z,,0,0,621,862,260584,50766,803537,b8aba70e1498384fc0421830e8a1f0bc3367efaa
2020-08-08,56,4952201.0,21816395.0,3888.0,50071.0,236285.0,9662.0,15024.0,2566.0,1561.0,2020-08-08T24:00:00Z,153966.0,236285.0,67222764,2020-08-08T24:00:00Z,,0,0,1086,1493,191879,53492,789814,8a3a296e67bc076e13f8b22d64456ebc9dd3c46b
2020-08-07,56,4898709.0,21624516.0,3988.0,51329.0,234792.0,9698.0,14925.0,2628.0,1549.0,2020-08-07T24:00:00Z,152880.0,234792.0,66432950,2020-08-07T24:00:00Z,,0,0,1322,7994,263973,60837,890426,384f5f824240fde6c7328f0e4422e93fdfc35212
2020-08-06,56,4837872.0,21360543.0,3903.0,53220.0,226798.0,9996.0,14810.0,2714.0,1534.0,2020-08-06T24:00:00Z,151558.0,226798.0,65542524,2020-08-06T24:00:00Z,,0,0,1242,2616,266841,54045,848687,b57c5c8daab2f92664c2ee36f9118d30ca046aea
2020-08-05,56,4783827.0,21093702.0,3842.0,53432.0,224182.0,9988.0,14687.0,2721.0,1524.0,2020-08-05T24:00:00Z,150316.0,224182.0,64693837,2020-08-05T24:00:00Z,,0,0,1354,2117,232010,52691,816864,8e746e72764e113997c66e3216429578b6182ff7
2020-08-04,56,4731136.0,20861692.0,3789.0,53436.0,222065.0,10207.0,14537.0,2701.0,1493.0,2020-08-04T24:00:00Z,148962.0,222065.0,63876973,2020-08-04T24:00:00Z,,0,0,1242,4423,236338,51205,806693,9fe10547fd655c60ff3aca2f6df1484a388da08a
2020-08-03,56,4679931.0,20625354.0,3662.0,53516.0,217642.0,10233.0,14370.0,2664.0,1463.0,2020-08-03T24:00:00Z,147720.0,217642.0,63070280,2020-08-03T24:00:00Z,,0,0,516,1558,208982,42743,712084,554f5ebc06a5399de8f15b01227bf58e725bf184
2020-08-02,56,4637188.0,20416372.0,3888.0,54108.0,216084.0,10343.0,14289.0,2645.0,1448.0,2020-08-02T24:00:00Z,147204.0,216084.0,62358196,2020-08-02T24:00:00Z,,0,0,496,832,252325,53322,790665,ba6d97023672c28e644ae945598f47c7b9a033ec
2020-08-01,56,4583866.0,20164047.0,3975.0,54554.0,215252.0,10347.0,14227.0,2698.0,1445.0,2020-08-01T24:00:00Z,146708.0,215252.0,61567531,2020-08-01T24:00:00Z,,0,0,1201,2385,231941,60640,817592,2c0c9d536c3c80223e77c588a254b5a8cb8638e5
2020-07-31,56,4523226.0,19932106.0,3956.0,55718.0,212867.0,10471.0,14044.0,2701.0,1437.0,2020-07-31T24:00:00Z,145507.0,212867.0,60749939,2020-07-31T24:00:00Z,,0,0,1324,2531,98958,67835,988464,14038dd292534be2103033ffae99afaab5b5c18b
2020-07-30,56,4455391.0,19833148.0,3947.0,56570.0,210336.0,10549.0,13877.0,2762.0,1415.0,2020-07-30T24:00:00Z,144183.0,210336.0,59761475,2020-07-30T24:00:00Z,,0,0,1250,3293,261399,68979,887682,27ec4cffab88221ef09be1e378374057ad160dc7
2020-07-29,56,4386412.0,19571749.0,3840.0,57423.0,207043.0,10435.0,13747.0,2771.0,1400.0,2020-07-29T24:00:00Z,142933.0,207043.0,58873793,2020-07-29T24:00:00Z,,0,0,1505,2860,287378,64156,908697,718071ce053d069fb6d7845f6dd4eaaaba3ad0b1
2020-07-28,56,4322256.0,19284371.0,3600.0,57185.0,204183.0,10414.0,13559.0,2748.0,1372.0,2020-07-28T24:00:00Z,141428.0,204183.0,57965096,2020-07-28T24:00:00Z,,0,0,1111,4067,234128,58452,842394,4e2db16fbf6484758e82b74b55175b33f56fc156
2020-07-27,56,4263804.0,19050243.0,3398.0,58987.0,200116.0,10183.0,13413.0,2723.0,1356.0,2020-07-27T24:00:00Z,140317.0,200116.0,57122702,2020-07-27T24:00:00Z,,0,0,1066,1632,243001,54484,768987,b77ea32d8098154908107a15638f4ec0aad200cf
2020-07-26,56,4209320.0,18807242.0,3361.0,58731.0,198484.0,10424.0,13343.0,2723.0,1336.0,2020-07-26T24:00:00Z,139251.0,198484.0,56353715,2020-07-26T24:00:00Z,,0,0,561,1380,290147,60768,859179,c78f7766495b8fc8746a718ef28cf6e122e01e95
2020-07-25,56,4148552.0,18517095.0,3377.0,59382.0,197104.0,10308.0,13279.0,2729.0,1300.0,2020-07-25T24:00:00Z,138690.0,197104.0,55494536,2020-07-25T24:00:00Z,,0,0,1012,1816,280225,64788,882389,1650808f0f818a23bc583becabc3ff4a0835e09f
2020-07-24,56,4083764.0,18236870.0,3409.0,59801.0,195288.0,10288.0,13184.0,2709.0,1297.0,2020-07-24T24:00:00Z,137678.0,195288.0,54612147,2020-07-24T24:00:00Z,,0,0,1174,3066,311767,75095,1007671,882872243fcd28e81a630d29dd2bc8d21d35d52c
2020-07-23,56,4008669.0,17925103.0,3179.0,59862.0,192222.0,10370.0,12933.0,2467.0,1280.0,2020-07-23T24:00:00Z,136504.0,192222.0,53604476,2020-07-23T24:00:00Z,,0,0,1071,2371,313497,71426,930658,5b06bae1e4c4a60a35c2838300117567a44b5d3f
2020-07-22,56,3937243.0,17611606.0,3051.0,59759.0,189851.0,10339.0,12792.0,2444.0,1258.0,2020-07-22T24:00:00Z,135433.0,189851.0,52673818,2020-07-22T24:00:00Z,,0,0,1149,2237,262481,69442,900463,0e8c630e638241853f11e8934ce04d06f71c066c
2020-07-21,56,3867801.0,17349125.0,3197.0,59479.0,187614.0,10046.0,12632.0,2414.0,1242.0,2020-07-21T24:00:00Z,134284.0,187614.0,51773355,2020-07-21T24:00:00Z,,0,0,1043,2555,240265,62887,833566,ea148dab1ca197f6bec0a02f20a686d3d98206f6
2020-07-20,56,3804914.0,17108860.0,3003.0,58521.0,185059.0,9832.0,12475.0,2403.0,1223.0,2020-07-20T24:00:00Z,133241.0,185059.0,50939789,2020-07-20T24:00:00Z,,0,0,376,1563,247893,56709,737207,cbc678f556192937ae37b3393cd498b0ad006e9a
2020-07-19,56,3748205.0,16860967.0,3052.0,58052.0,183496.0,9581.0,12393.0,2362.0,1216.0,2020-07-19T24:00:00Z,132865.0,183496.0,50202582,2020-07-19T24:00:00Z,,0,0,526,886,265500,64207,789513,1337710b37cb83dc8591c0ce32448c6d25d091a5
2020-07-18,56,3683998.0,16595467.0,3032.0,57818.0,182610.0,9809.0,12343.0,2343.0,1211.0,2020-07-18T24:00:00Z,132339.0,182610.0,49413069,2020-07-18T24:00:00Z,,0,0,877,1994,215087,64773,869668,471efd165c59abe383d325a93df39fd62b8be872
2020-07-17,56,3619225.0,16380380.0,3002.0,57871.0,180616.0,9714.0,12243.0,2352.0,1200.0,2020-07-17T24:00:00Z,131462.0,180616.0,48543401,2020-07-17T24:00:00Z,,0,0,938,2485,276023,76498,943532,1bf55ed00ff48473c513e615c8cb8f386ca9c100
2020-07-16,56,3542727.0,16104357.0,2929.0,57600.0,178131.0,9565.0,12091.0,2314.0,1175.0,2020-07-16T24:00:00Z,130524.0,178131.0,47599869,2020-07-16T24:00:00Z,,0,0,940,2207,287728,70493,948000,b12b4c27f74ddd2d799ff114f56524f925e6df01
2020-07-15,56,3472234.0,15816629.0,2947.0,56341.0,175924.0,9497.0,12003.0,2322.0,1166.0,2020-07-15T24:00:00Z,129584.0,175924.0,46651869,2020-07-15T24:00:00Z,,0,0,864,2315,268285,69372,913964,18b2531aebaf5cc8c7f91b6b8095afca33d08e2c
2020-07-14,56,3402862.0,15548344.0,960.0,55677.0,173609.0,9342.0,11857.0,2263.0,1154.0,2020-07-14T24:00:00Z,128720.0,173609.0,45737905,2020-07-14T24:00:00Z,,0,0,742,2322,259522,58618,835275,62baa5228b801286d5b26abe8e0b19d782a982e2
2020-07-13,56,3344244.0,15288822.0,2610.0,54120.0,171287.0,9207.0,11749.0,2254.0,1142.0,2020-07-13T24:00:00Z,127978.0,171287.0,44902630,2020-07-13T24:00:00Z,,0,0,329,1120,224951,57144,764696,5aa0cc5a652196d9e28fbcd2181957da47faa15d
2020-07-12,56,3287100.0,15063871.0,2639.0,52860.0,170167.0,8983.0,11679.0,2182.0,1136.0,2020-07-12T24:00:00Z,127649.0,170167.0,44137934,2020-07-12T24:00:00Z,,0,0,471,890,264002,61602,796940,cd579e5ac3845b5424c48c9af3c3e5198ff0850a
2020-07-11,56,3225498.0,14799869.0,2618.0,51984.0,169277.0,8934.0,11613.0,2169.0,1128.0,2020-07-11T24:00:00Z,127178.0,169277.0,43340994,2020-07-11T24:00:00Z,,0,0,753,5088,264730,62584,836027,098ae934c0b1d6778d21a320a809d2dd19a71000
2020-07-10,56,3162914.0,14535139.0,2493.0,51720.0,164189.0,8812.0,11524.0,2192.0,1118.0,2020-07-10T24:00:00Z,126425.0,164189.0,42504967,2020-07-10T24:00:00Z,,0,0,841,2197,288473,67108,912598,2b37300b4988c927b1c00f5acd5df1d13dd3e375
2020-07-09,56,3095806.0,14246666.0,2530.0,44053.0,161992.0,8766.0,11395.0,2129.0,1138.0,2020-07-09T24:00:00Z,125584.0,161992.0,41592369,2020-07-09T24:00:00Z,,0,0,862,1663,284206,59063,846548,4167ab6efb023803d2275815e59a59308e1c4c94
2020-07-08,56,3036743.0,13962460.0,2360.0,43205.0,160329.0,8750.0,11303.0,2167.0,1103.0,2020-07-08T24:00:00Z,124722.0,160329.0,40745821,2020-07-08T24:00:00Z,,0,0,819,1888,211657,62815,780578,87e70def2acb4d707dc3cfaa84590c25309e052d
2020-07-07,56,2973928.0,13750803.0,2136.0,41948.0,158441.0,8568.0,11178.0,2102.0,1084.0,2020-07-07T24:00:00Z,123903.0,158441.0,39965243,2020-07-07T24:00:00Z,,0,0,906,1975,206545,50991,742033,022ed7441ed2d0fe9cb42093e6623e184ce7b745
2020-07-06,56,2922937.0,13544258.0,1907.0,39960.0,156466.0,8336.0,11058.0,2104.0,1070.0,2020-07-06T24:00:00Z,122997.0,156466.0,39223210,2020-07-06T24:00:00Z,,0,0,233,765,172741,40902,650829,9361007bf03d9b47758de34a7cb3645faa4c00ed
2020-07-05,56,2882035.0,13371517.0,1885.0,38872.0,155701.0,8170.0,11010.0,2080.0,1064.0,2020-07-05T24:00:00Z,122764.0,155701.0,38572381,2020-07-05T24:00:00Z,,0,0,214,583,212886,45374,620599,77ab7f49da2f20fe8842d84f54971e28f8264d6b
2020-07-04,56,2836661.0,13158631.0,2083.0,38281.0,155118.0,8082.0,10977.0,1982.0,1063.0,2020-07-04T24:00:00Z,122550.0,155118.0,37951782,2020-07-04T24:00:00Z,,0,0,295,870,209668,54846,688460,d1fcc02991388c25314e09949678db4286c46ba8
2020-07-03,56,2781815.0,12948963.0,2237.0,37921.0,154248.0,7935.0,10937.0,2049.0,1059.0,2020-07-03T24:00:00Z,122255.0,154248.0,37263322,2020-07-03T24:00:00Z,,0,0,602,1358,247201,54214,796290,e485f2c6e7611e78bcfe4256ab6283fb6af4e7cc
2020-07-02,56,2727601.0,12701762.0,2208.0,37645.0,152890.0,7867.0,10843.0,2104.0,1041.0,2020-07-02T24:00:00Z,121653.0,152890.0,36467032,2020-07-02T24:00:00Z,,0,0,699,1699,229405,53511,772899,a670fb374de64159a5d03b9fbb6b219d84b18129
2020-07-01,56,2674090.0,12472357.0,2604.0,36521.0,151191.0,7647.0,10752.0,2099.0,1027.0,2020-07-01T24:00:00Z,120954.0,151191.0,35694133,2020-07-01T24:00:00Z,,0,0,696,1429,224475,51044,731673,c0aa6edfe6a090f8f7d36da29b2197e808948205
2020-06-30,56,2623046.0,12247882.0,2432.0,35340.0,149762.0,7419.0,10669.0,2044.0,1008.0,2020-06-30T24:00:00Z,120258.0,149762.0,34962460,2020-06-30T24:00:00Z,,0,0,583,1473,226105,47032,712260,1d0abec4c6c261a619ade7f0a4da2703b3ea871e
2020-06-29,56,2576014.0,12021777.0,2194.0,33742.0,148289.0,7283.0,10542.0,2021.0,990.0,2020-06-29T24:00:00Z,119675.0,148289.0,34250200,2020-06-29T24:00:00Z,,0,0,336,728,245719,39368,661374,a8f1da48901fe1a9cf25816fd06b586ae0a2b1e4
2020-06-28,56,2536646.0,11776058.0,2198.0,32577.0,147561.0,7080.0,10473.0,2077.0,983.0,2020-06-28T24:00:00Z,119339.0,147561.0,33588826,2020-06-28T24:00:00Z,,0,0,271,549,227853,41729,611620,5ef9e0237131bab9da8bece83cbf283f4a80ab84
2020-06-27,56,2494917.0,11548205.0,2186.0,32569.0,147012.0,6998.0,10416.0,2159.0,977.0,2020-06-27T24:00:00Z,119068.0,147012.0,32977206,2020-06-27T24:00:00Z,,0,0,510,1059,217216,43104,723493,ad0797f71af908816845e4aa4339300a59867b52
2020-06-26,56,2451813.0,11330989.0,2201.0,31850.0,145953.0,7017.0,10334.0,2069.0,966.0,2020-06-26T24:00:00Z,118558.0,145953.0,32253713,2020-06-26T24:00:00Z,,0,0,608,1540,218689,44300,737868,91e56214c05abcbbf7d536fd147cbc4281bb3043
2020-06-25,56,2407513.0,11112300.0,2133.0,31920.0,144413.0,6905.0,10258.0,2214.0,951.0,2020-06-25T24:00:00Z,117950.0,144413.0,31515845,2020-06-25T24:00:00Z,,0,0,654,1298,248068,39720,712795,13a28bd01d27e1a460db0a53d0d4eb5f070a556b
2020-06-24,56,2367793.0,10864232.0,2049.0,31268.0,143115.0,6752.0,10173.0,2247.0,934.0,2020-06-24T24:00:00Z,117296.0,143115.0,30803050,2020-06-24T24:00:00Z,,0,0,704,1246,184959,39131,618161,1b332a9a3b4631df8e6045e65e6be517989e266e
2020-06-23,56,2328662.0,10679273.0,1891.0,30352.0,141869.0,6791.0,10077.0,2292.0,918.0,2020-06-23T24:00:00Z,116592.0,141869.0,30184889,2020-06-23T24:00:00Z,,0,0,728,1266,172591,33446,671798,841f90ed2aa630441e823ff4f52eb42554a82465
2020-06-22,56,2295216.0,10506682.0,2028.0,28962.0,140603.0,6650.0,10003.0,2301.0,909.0,2020-06-22T24:00:00Z,115864.0,140603.0,29513091,2020-06-22T24:00:00Z,,0,0,288,827,163644,26817,499255,0307e66e930d932ee2e6fef63acc9a29fa189c02
2020-06-21,56,2268399.0,10343038.0,2084.0,28325.0,139776.0,6415.0,9944.0,2321.0,904.0,2020-06-21T24:00:00Z,115576.0,139776.0,29013836,2020-06-21T24:00:00Z,,0,0,291,519,175530,29182,504684,59eb7ddd0d49a1bdd7fe40f8f7d94a33082f9d15
2020-06-20,56,2239217.0,10167508.0,2108.0,28078.0,139257.0,6372.0,9908.0,2380.0,888.0,2020-06-20T24:00:00Z,115285.0,139257.0,28509152,2020-06-20T24:00:00Z,,0,0,611,685,197225,32232,610669,4e18ceead659429af50754e4e5ae3c0d6d2a7207
2020-06-19,56,2206985.0,9970283.0,2032.0,28698.0,138572.0,6450.0,9877.0,2433.0,884.0,2020-06-19T24:00:00Z,114674.0,138572.0,27898483,2020-06-19T24:00:00Z,,0,0,657,1592,234816,30887,664037,391c6e9562f2b5e218fb16cdc5fbe1394fa55f3a
2020-06-18,56,2176098.0,9735467.0,1903.0,28538.0,136980.0,6560.0,9738.0,2518.0,869.0,2020-06-18T24:00:00Z,114017.0,136980.0,27234446,2020-06-18T24:00:00Z,,0,0,679,1100,191568,26984,562275,1b808e2935ddb9684ce5a98aa1a9540cadcf22c3
2020-06-17,56,2149114.0,9543899.0,1745.0,28641.0,135880.0,6618.0,9666.0,2584.0,857.0,2020-06-17T24:00:00Z,113338.0,135880.0,26672171,2020-06-17T24:00:00Z,,0,0,778,1085,195262,24206,563106,f01f2f502da19673d9b51ff5a48c2531a6fc0432
2020-06-16,56,2124908.0,9348637.0,1604.0,28363.0,134795.0,6534.0,9591.0,2591.0,845.0,2020-06-16T24:00:00Z,112560.0,134795.0,26109065,2020-06-16T24:00:00Z,,0,0,726,1186,175084,22857,500028,ee1d6d91184cb6a19a626c3b4f6d4d98471c8d00
2020-06-15,56,2102051.0,9173553.0,1619.0,28034.0,133609.0,6595.0,9516.0,2636.0,835.0,2020-06-15T24:00:00Z,111834.0,133609.0,25609037,2020-06-15T24:00:00Z,,0,0,383,664,165511,18236,447146,6bc8855a3bb72e122b7fa8c259236f19e4a10ed3
2020-06-14,56,2083815.0,9008042.0,1672.0,28012.0,132945.0,6610.0,9466.0,2716.0,834.0,2020-06-14T24:00:00Z,111451.0,132945.0,25161891,2020-06-14T24:00:00Z,,0,0,354,600,167764,21629,474952,baa7a982e133f0cc43287ddaaaa703465d0e4799
2020-06-13,56,2062186.0,8840278.0,1698.0,28572.0,132345.0,6700.0,9433.0,2726.0,830.0,2020-06-13T24:00:00Z,111097.0,132345.0,24686939,2020-06-13T24:00:00Z,,0,0,690,965,198815,25459,545415,9a4e967d33c7c4cb2b739e31833d8ce8580b74c1
2020-06-12,56,2036727.0,8641463.0,1783.0,29309.0,131380.0,6837.0,9373.0,2738.0,814.0,2020-06-12T24:00:00Z,110407.0,131380.0,24141524,2020-06-12T24:00:00Z,,0,0,766,1371,228322,23152,622991,1c7a5ba6481662191db41324d07917134a2d8c45
2020-06-11,56,2013575.0,8413141.0,1816.0,29842.0,130009.0,6885.0,9297.0,2885.0,792.0,2020-06-11T24:00:00Z,109641.0,130009.0,23518533,2020-06-11T24:00:00Z,,0,0,896,1526,150394,21976,484776,5912c667e8a305e2a83b6b66544c4fc0d84ee506
2020-06-10,56,1991599.0,8262747.0,1737.0,30962.0,128483.0,7065.0,9226.0,3022.0,780.0,2020-06-10T24:00:00Z,108745.0,128483.0,23033757,2020-06-10T24:00:00Z,,0,0,892,1239,168579,20873,484086,e6c63953fae02b068d05a61878aa8e0d830dec1c
2020-06-09,56,1970726.0,8094168.0,1661.0,31181.0,127244.0,7310.0,9142.0,3088.0,771.0,2020-06-09T24:00:00Z,107853.0,127244.0,22549671,2020-06-09T24:00:00Z,,0,0,894,1280,155286,16933,454671,622ca55aa226b2d79037fcb14a03996f8f5331ce
2020-06-08,56,1953793.0,7938882.0,1606.0,31097.0,125964.0,7182.0,9013.0,3238.0,762.0,2020-06-08T24:00:00Z,106959.0,125964.0,22095000,2020-06-08T24:00:00Z,,0,0,672,1072,132314,16935,405398,8bf393b511f562e57f981e9ad33fa5be8d7598b0
2020-06-07,56,1936858.0,7806568.0,1733.0,31492.0,124892.0,7244.0,8957.0,3298.0,753.0,2020-06-07T24:00:00Z,106287.0,124892.0,21689602,2020-06-07T24:00:00Z,,0,0,450,657,189867,19080,437205,bebf77dcf5b245f1badf8ced38749a0b1a38a570
2020-06-06,56,1917778.0,7616701.0,1796.0,31994.0,124235.0,7525.0,8920.0,3476.0,750.0,2020-06-06T24:00:00Z,105837.0,124235.0,21252397,2020-06-06T24:00:00Z,,0,0,709,985,221863,22669,557957,c6953d180b2f88d03d765546e47ae54c8b4f7885
2020-06-05,56,1895109.0,7394838.0,1749.0,32505.0,123250.0,7658.0,8863.0,3520.0,740.0,2020-06-05T24:00:00Z,105128.0,123250.0,20694440,2020-06-05T24:00:00Z,,0,0,832,1518,232202,23046,621384,d3fe2286a8a0a5ff091d98f938ce0b626b07c5b1
2020-06-04,56,1872063.0,7162636.0,1831.0,32800.0,121732.0,7786.0,8788.0,3662.0,723.0,2020-06-04T24:00:00Z,104296.0,121732.0,20073056,2020-06-04T24:00:00Z,,0,0,882,-2858,183969,20512,497795,2325fedcce4cdf185e30ca313974c4a9f5d8bee4
2020-06-03,56,1851551.0,6978667.0,3473.0,33218.0,124590.0,7959.0,8690.0,3754.0,717.0,2020-06-03T24:00:00Z,103414.0,124590.0,19575261,2020-06-03T24:00:00Z,,0,0,973,2011,184622,20164,505613,a79aa8721a29997d0de851c15bd9780bc67e7f4e
2020-06-02,56,1831387.0,6794045.0,3597.0,33955.0,122579.0,8158.0,8566.0,3854.0,710.0,2020-06-02T24:00:00Z,102441.0,122579.0,19069648,2020-06-02T24:00:00Z,,0,0,982,1578,161067,19909,450312,ab032575fd5810b3b148bd0020ab390159e69b09
2020-06-01,56,1811478.0,6632978.0,3977.0,34327.0,121001.0,8354.0,8486.0,3950.0,704.0,2020-06-01T24:00:00Z,101459.0,121001.0,18619336,2020-06-01T24:00:00Z,,0,0,676,2752,157898,20029,419554,a686ef7be52efe987958010513e133c971b1b710
2020-05-31,56,1791449.0,6475080.0,3723.0,34914.0,118249.0,8373.0,8446.0,3669.0,704.0,2020-05-31T24:00:00Z,100783.0,118249.0,18199782,2020-05-31T24:00:00Z,,0,0,654,698,147988,21694,429140,e7cc4fe5ba38c4a9cacd0b0417809f629eabb21d
2020-05-30,56,1769755.0,6327092.0,1916.0,35761.0,117551.0,8691.0,8325.0,4008.0,698.0,2020-05-30T24:00:00Z,100129.0,117551.0,17770642,2020-05-30T24:00:00Z,,0,0,921,1222,174259,23543,484206,ef19af00848949bc8437ecb7a2c217d1b78f7a05
2020-05-29,56,1746212.0,6152833.0,3047.0,36937.0,116329.0,8923.0,8235.0,4028.0,689.0,2020-05-29T24:00:00Z,99208.0,116329.0,17286436,2020-05-29T24:00:00Z,,0,0,1171,1409,189783,23624,507264,91b445fd613071315c0b350b74878062dd7f43d8
2020-05-28,56,1722588.0,5963050.0,2797.0,38005.0,114920.0,9139.0,8109.0,4079.0,676.0,2020-05-28T24:00:00Z,98037.0,114920.0,16779172,2020-05-28T24:00:00Z,,0,0,1235,1425,188114,22844,494858,2d183549275a2889c94f0d3de9d3df207d983ca9
2020-05-27,56,1699744.0,5774936.0,3132.0,38314.0,113495.0,9246.0,8015.0,4223.0,666.0,2020-05-27T24:00:00Z,96802.0,113495.0,16284314,2020-05-27T24:00:00Z,,0,0,1340,1385,151212,19193,415923,1d48751e239a68f66b3f06cd5039935cb6b5c5ed
2020-05-26,56,1680551.0,5623724.0,2919.0,37751.0,112110.0,9251.0,7899.0,4221.0,650.0,2020-05-26T24:00:00Z,95462.0,112110.0,15868391,2020-05-26T24:00:00Z,,0,0,668,17155,111904,16676,315659,2fe388264ba2ff6cf874acfd875b0d4b4c5edf5b
2020-05-25,56,1663875.0,5511820.0,3368.0,37702.0,94955.0,9114.0,7847.0,4232.0,642.0,2020-05-25T24:00:00Z,94794.0,94955.0,15552732,2020-05-25T24:00:00Z,,0,0,556,669,167737,18543,408751,31b4ab7afb8168b651ac73536c93c757eb9a7dbd
2020-05-24,56,1645332.0,5344083.0,3730.0,37741.0,94286.0,9148.0,7801.0,4380.0,639.0,2020-05-24T24:00:00Z,94238.0,94286.0,15143981,2020-05-24T24:00:00Z,,0,0,689,787,129848,19122,390719,094aa1af2c49ad12475f31582ff8e2677aef3ef3
2020-05-23,56,1626210.0,5214235.0,4084.0,38625.0,93499.0,9382.0,7770.0,4621.0,638.0,2020-05-23T24:00:00Z,93549.0,93499.0,14753262,2020-05-23T24:00:00Z,,0,0,1035,1130,115601,22482,444574,3616ad7ad5adcc43cefd4d722cb1603c4eea1113
2020-05-22,56,1603728.0,5098634.0,3770.0,39999.0,92369.0,9708.0,7689.0,4714.0,633.0,2020-05-22T24:00:00Z,92514.0,92369.0,14308688,2020-05-22T24:00:00Z,,0,0,1286,3751,173269,24127,451428,6c57c9eba7e04990aceb7ac6b03efa03ccdd7e01
2020-05-21,56,1579601.0,4925365.0,3733.0,41353.0,88618.0,9757.0,7423.0,4871.0,616.0,2020-05-21T24:00:00Z,91228.0,88618.0,13857260,2020-05-21T24:00:00Z,,0,0,1381,4374,219192,26751,499343,b0906bf8e5a7ce60c0efccc38d0653efe2750daa
2020-05-20,56,1552850.0,4706173.0,3546.0,41854.0,84244.0,10212.0,7319.0,4907.0,613.0,2020-05-20T24:00:00Z,89847.0,84244.0,13357917,2020-05-20T24:00:00Z,,0,0,1395,1453,167729,21371,449396,e3fe6ec182cdf3e5c2c0d090dfbb5ce88629b78f
2020-05-19,56,1531479.0,4538444.0,2931.0,42019.0,82791.0,10292.0,7217.0,5032.0,606.0,2020-05-19T24:00:00Z,88452.0,82791.0,12908521,2020-05-19T24:00:00Z,,0,0,1327,1286,162780,20700,422660,05d7578772a7b583bdd707d9e8a4290302a6d1e6
2020-05-18,56,1510779.0,4375664.0,2989.0,41935.0,81505.0,10423.0,7064.0,5260.0,602.0,2020-05-18T24:00:00Z,87125.0,81505.0,12485861,2020-05-18T24:00:00Z,,0,0,853,803,131764,20613,348667,88cac96425fc388247d8527a62e1c11627edbbcc
2020-05-17,56,1490166.0,4243900.0,3714.0,42018.0,80702.0,10563.0,7003.0,5467.0,593.0,2020-05-17T24:00:00Z,86272.0,80702.0,12137194,2020-05-17T24:00:00Z,,0,0,862,766,138117,20384,351921,2f579fe7e7cbb420fe8b4c82970b50a82577e1b4
2020-05-16,56,1469782.0,4105783.0,3603.0,43520.0,79936.0,10880.0,6945.0,5532.0,592.0,2020-05-16T24:00:00Z,85410.0,79936.0,11785273,2020-05-16T24:00:00Z,,0,0,1249,1383,132367,23835,394424,33c19d1380bb6d8fb3a6944cecd4ff2fd0443136
2020-05-15,56,1445947.0,3973416.0,2457.0,44553.0,78553.0,11163.0,6890.0,5744.0,589.0,2020-05-15T24:00:00Z,84161.0,78553.0,11390849,2020-05-15T24:00:00Z,,0,0,1537,982,120258,25407,406415,1960689f67d46d0e0d1f1180eeff7a5f010c2ea8
2020-05-14,56,1420540.0,3853158.0,2481.0,45912.0,77571.0,11338.0,6795.0,5940.0,582.0,2020-05-14T24:00:00Z,82624.0,77571.0,10984434,2020-05-14T24:00:00Z,,0,0,1846,2711,138644,26796,388786,38e93738046a3ad43198301ac7baf9ea81a46dec
2020-05-13,56,1393744.0,3714514.0,2667.0,46926.0,74860.0,11664.0,6713.0,6164.0,572.0,2020-05-13T24:00:00Z,80778.0,74860.0,10595648,2020-05-13T24:00:00Z,,0,0,1729,1273,117018,21481,346215,ec4dd9adf88efd725715f5d2c7c706f8c1300b82
2020-05-12,56,1372263.0,3597496.0,1800.0,47347.0,73587.0,11915.0,6585.0,6350.0,559.0,2020-05-12T24:00:00Z,79049.0,73587.0,10249433,2020-05-12T24:00:00Z,,0,0,1518,1192,110171,22521,340824,d756164c2fea3a52b34ac8ce754a4b9b48755b56
2020-05-11,56,1349742.0,3487325.0,1782.0,46554.0,72395.0,11852.0,6488.0,6349.0,551.0,2020-05-11T24:00:00Z,77531.0,72395.0,9908609,2020-05-11T24:00:00Z,,0,0,889,939,209165,18080,374214,08cbc60055885cf61c67f0ccb8b137f36d568cd8
2020-05-10,56,1331662.0,3278160.0,2844.0,46741.0,71456.0,11992.0,6445.0,6392.0,547.0,2020-05-10T24:00:00Z,76642.0,71456.0,9534395,2020-05-10T24:00:00Z,,0,0,1027,565,91529,21112,274264,f57efc9e7e57c6da8493819fc4fe5df4b8d4dd91
2020-05-09,56,1310550.0,3186631.0,3262.0,48576.0,70891.0,12165.0,6367.0,6550.0,543.0,2020-05-09T24:00:00Z,75615.0,70891.0,9260131,2020-05-09T24:00:00Z,,0,0,1459,1128,110811,25280,323895,59928a11b3025c5d0731fbd9778499178924145a
2020-05-08,56,1285270.0,3075820.0,3079.0,49769.0,69763.0,12460.0,6294.0,6793.0,531.0,2020-05-08T24:00:00Z,74156.0,69763.0,8936236,2020-05-08T24:00:00Z,,0,0,1788,5697,104722,27198,312980,30443451b5a7069d5a17bacbb56490ae0cf4daa1
2020-05-07,56,1258072.0,2971098.0,3358.0,51445.0,64066.0,12832.0,5189.0,7067.0,529.0,2020-05-07T24:00:00Z,72368.0,64066.0,8623256,2020-05-07T24:00:00Z,,0,0,2732,3553,94737,27228,329708,336f6ce8d7980c150f28b3006ea990cd9a3ad9e3
2020-05-06,56,1230844.0,2876361.0,3008.0,52607.0,60513.0,13196.0,4911.0,4758.0,449.0,2020-05-06T24:00:00Z,69636.0,60513.0,8293548,2020-05-06T24:00:00Z,,0,0,1931,1505,98543,25312,293617,9bb52e41a6d7dce6b618ecb1ac774a95e1d12b3e
2020-05-05,56,1205532.0,2777818.0,2633.0,53168.0,59008.0,13346.0,4794.0,4810.0,439.0,2020-05-05T24:00:00Z,67705.0,59008.0,7999931,2020-05-05T24:00:00Z,,0,0,2496,1399,105694,22392,279781,77ef9241c6f6085173f4f31992eee2071ffb9b73
2020-05-04,56,1183140.0,2672124.0,2791.0,52375.0,57609.0,13390.0,4579.0,4852.0,430.0,2020-05-04T24:00:00Z,65209.0,57609.0,7720150,2020-05-04T24:00:00Z,,0,0,983,1152,86891,22106,236185,ce385412d41e0e2e27c7312c003df74ca4c3a4d3
2020-05-03,56,1161034.0,2585233.0,2836.0,52623.0,56457.0,13343.0,4502.0,4762.0,425.0,2020-05-03T24:00:00Z,64226.0,56457.0,7483965,2020-05-03T24:00:00Z,,0,0,1247,1027,94072,25759,239746,6154e6c23f2b533a17862630859ffd2760e6c57d
2020-05-02,56,1135275.0,2491161.0,1639.0,54008.0,55430.0,13528.0,4386.0,4846.0,375.0,2020-05-02T24:00:00Z,62979.0,55430.0,7244219,2020-05-02T24:00:00Z,,0,0,1521,1276,80894,29151,272341,dabc8fb5e0128fe0e7929f1b1b375e755276ef36
2020-05-01,56,1106124.0,2410267.0,1496.0,54888.0,54154.0,13572.0,4300.0,4712.0,376.0,2020-05-01T24:00:00Z,61458.0,54154.0,6971878,2020-05-01T24:00:00Z,,0,0,1812,9055,106658,32880,285664,080bbc8fa542224aa52356324b6001740c977219
2020-04-30,56,1073244.0,2303609.0,2805.0,54910.0,45099.0,13982.0,4192.0,4708.0,373.0,2020-04-30T24:00:00Z,59646.0,45099.0,6686214,2020-04-30T24:00:00Z,,0,0,2153,1425,79570,30063,275235,22c4a76b6e568a8c7a4c9609321f5218cd8f7fa0
2020-04-29,56,1043181.0,2224039.0,5023.0,56010.0,43674.0,14254.0,4093.0,4803.0,365.0,2020-04-29T24:00:00Z,57493.0,43674.0,6410979,2020-04-29T24:00:00Z,,0,0,2689,1865,89076,26179,257142,126189b1267960ed42ebc0bbf58053aec4e73691
2020-04-28,56,1017002.0,2134963.0,4064.0,56041.0,41809.0,14280.0,3798.0,4760.0,252.0,2020-04-28T24:00:00Z,54804.0,41809.0,6153837,2020-04-28T24:00:00Z,,0,0,2078,1253,69502,25232,216600,f69a5f06fc5f662fe182247ede9bd4e80ebe0814
2020-04-27,56,991770.0,2065461.0,4030.0,56181.0,40556.0,14496.0,3720.0,4867.0,252.0,2020-04-27T24:00:00Z,52726.0,40556.0,5937237,2020-04-27T24:00:00Z,,0,0,1274,1183,62416,22404,194555,4b9a093bb8001765be49555a2c9fac96b162b16f
2020-04-26,56,969366.0,2003045.0,4165.0,56167.0,39373.0,14753.0,2571.0,5119.0,227.0,2020-04-26T24:00:00Z,51452.0,39373.0,5742682,2020-04-26T24:00:00Z,,0,0,1212,1109,75262,27324,205595,c35c70faffc09a5eefd62d43bab047ee7c873d8b
2020-04-25,56,942042.0,1927783.0,5467.0,57346.0,38264.0,15056.0,2516.0,5266.0,227.0,2020-04-25T24:00:00Z,50240.0,38264.0,5537087,2020-04-25T24:00:00Z,,0,0,1634,1234,120083,40697,275824,4cb993bc458038519517b1f6788647bcff84abdb
2020-04-24,56,901345.0,1807700.0,4370.0,57367.0,37030.0,15274.0,2468.0,5194.0,227.0,2020-04-24T24:00:00Z,48606.0,37030.0,5261263,2020-04-24T24:00:00Z,,0,0,1973,1198,75512,31217,246096,67d752d52406da3797ebd1349acea77b13088f5f
2020-04-23,56,870128.0,1732188.0,4417.0,59215.0,35832.0,15407.0,2428.0,5463.0,227.0,2020-04-23T24:00:00Z,46633.0,35832.0,5015167,2020-04-23T24:00:00Z,,0,0,1806,1409,64683,31938,217920,87500d13157170a21c6b4f1424d70b5c259857e5
2020-04-22,56,838190.0,1667505.0,4231.0,59204.0,34423.0,15705.0,2370.0,5474.0,227.0,2020-04-22T24:00:00Z,44827.0,34423.0,4797247,2020-04-22T24:00:00Z,,0,0,2150,1591,-213981,29273,335191,9ea15321df00da85092b908dd9b4087ccb64b321
2020-04-21,56,808917.0,1881486.0,3937.0,59795.0,32832.0,15636.0,2315.0,5514.0,214.0,2020-04-21T24:00:00Z,42677.0,32832.0,4462056,2020-04-21T24:00:00Z,,0,0,2478,1431,69105,27354,166966,63a6b86de0682e582e307ef088ce75a980fd1d84
2020-04-20,56,781563.0,1812381.0,3983.0,56720.0,31401.0,15099.0,2193.0,5569.0,214.0,2020-04-20T24:00:00Z,40199.0,31401.0,4295090,2020-04-20T24:00:00Z,,0,0,1814,887,63578,24376,143980,5fc94d6cfb4f7f3308e2a618b4b0decfa2f7dcd8
2020-04-19,56,757187.0,1748803.0,11306.0,56491.0,30514.0,15005.0,2145.0,5603.0,214.0,2020-04-19T24:00:00Z,38385.0,30514.0,4151110,2020-04-19T24:00:00Z,,0,0,1765,734,68216,26930,148978,77472581a40f0fe732e6ca000b4d4482ff25d145
2020-04-18,56,730257.0,1680587.0,10048.0,57798.0,29780.0,15388.0,2096.0,5733.0,205.0,2020-04-18T24:00:00Z,36620.0,29780.0,4002132,2020-04-18T24:00:00Z,,0,0,1896,1459,69461,27573,172481,1b9e9bbf9a46bccbad932b07e4db90aecee53991
2020-04-17,56,702684.0,1611126.0,10889.0,58904.0,28321.0,15493.0,2052.0,6098.0,187.0,2020-04-17T24:00:00Z,34724.0,28321.0,3829651,2020-04-17T24:00:00Z,,0,0,2116,1289,67602,31500,172149,5f484b5054b4ed5e543e479136d5a2febc6530cf
2020-04-16,56,671184.0,1543524.0,16872.0,59500.0,27032.0,15830.0,1834.0,5940.0,176.0,2020-04-16T24:00:00Z,32608.0,27032.0,3657502,2020-04-16T24:00:00Z,,0,0,2196,1261,79312,31266,183046,1a67b7cab077219d67c6557cfb738e39726ee5ff
2020-04-15,56,639918.0,1464212.0,16901.0,59930.0,25771.0,15302.0,1710.0,6033.0,173.0,2020-04-15T24:00:00Z,30412.0,25771.0,3474456,2020-04-15T24:00:00Z,,0,0,2541,1176,57485,29834,149278,8180f41ecfe53400b3e4495754544b767e7bca2e
2020-04-14,56,610084.0,1406727.0,16663.0,59601.0,24595.0,14735.0,1642.0,5981.0,171.0,2020-04-14T24:00:00Z,27871.0,24595.0,3325178,2020-04-14T24:00:00Z,,0,0,2356,1466,73268,25943,160030,27e38a9829edaa52314b3c94497aafe70d00541a
2020-04-13,56,584141.0,1333459.0,17059.0,56283.0,23129.0,14199.0,1549.0,6170.0,158.0,2020-04-13T24:00:00Z,25515.0,23129.0,3165148,2020-04-13T24:00:00Z,,0,0,1630,2304,57296,24136,125464,722393acce4c1bc230e0fbae3acbb2cfe4d5e779
2020-04-12,56,560005.0,1276163.0,16425.0,55294.0,20825.0,14188.0,1449.0,5962.0,158.0,2020-04-12T24:00:00Z,23885.0,20825.0,3039684,2020-04-12T24:00:00Z,,0,0,1698,694,67358,28168,140619,fef7d26bdbd70141b6526c14b3505ed3e54520bb
2020-04-11,56,531837.0,1208805.0,16619.0,55563.0,20131.0,13856.0,1399.0,5986.0,152.0,2020-04-11T24:00:00Z,22187.0,20131.0,2899065,2020-04-11T24:00:00Z,,0,0,2079,1208,64373,31323,158549,f619bd973c581df85c7ff53548dac210d1210695
2020-04-10,56,500514.0,1144432.0,17373.0,53167.0,18923.0,12693.0,1179.0,5937.0,39.0,2020-04-10T24:00:00Z,20108.0,18923.0,2740516,2020-04-10T24:00:00Z,,0,0,2081,1999,56216,33778,155771,e516759abbaebb416fe2d9db4bf55880dc931e05
2020-04-09,56,466736.0,1088216.0,17634.0,51323.0,16924.0,12445.0,918.0,5798.0,39.0,2020-04-09T24:00:00Z,18027.0,16924.0,2584745,2020-04-09T24:00:00Z,,0,0,2054,965,82731,34992,171012,09a1d96d5120b700368f6783a075403541bd7edd
2020-04-08,56,431744.0,1005485.0,17273.0,45359.0,15959.0,10276.0,862.0,4142.0,39.0,2020-04-08T24:00:00Z,15973.0,15959.0,2413733,2020-04-08T24:00:00Z,,0,0,1999,1332,68034,30964,165594,3b367a6be212284569e3b9f8424cdd7b5899f3c2
2020-04-07,56,400780.0,937451.0,16588.0,43849.0,14627.0,9978.0,738.0,4047.0,43.0,2020-04-07T24:00:00Z,13974.0,14627.0,2248139,2020-04-07T24:00:00Z,,0,0,2042,370,79011,30416,169756,b988927b4d0a57fa7478a222438461ee6faf4aa9
2020-04-06,56,370364.0,858440.0,17231.0,36159.0,14257.0,7079.0,663.0,2961.0,39.0,2020-04-06T24:00:00Z,11932.0,14257.0,2078383,2020-04-06T24:00:00Z,,0,0,1314,883,69846,28260,137734,c5f4023fd79158b3c8552c196530f7f27ec81c65
2020-04-05,56,342104.0,788594.0,17311.0,32180.0,13374.0,5811.0,609.0,650.0,39.0,2020-04-05T24:00:00Z,10618.0,13374.0,1940649,2020-04-05T24:00:00Z,,0,0,1340,1131,33621,25843,129412,56a4702b083f7b368721d724ef0a2860dfd0bf8c
2020-04-04,56,316261.0,754973.0,15568.0,30456.0,12243.0,5500.0,403.0,656.0,39.0,2020-04-04T24:00:00Z,9278.0,12243.0,1811237,2020-04-04T24:00:00Z,,0,0,1478,1732,143525,33122,231115,80587c8a6dc1df9fb0dc5502807c3dceba5d3011
2020-04-03,56,283139.0,611448.0,61956.0,25723.0,10511.0,4928.0,335.0,623.0,39.0,2020-04-03T24:00:00Z,7800.0,10511.0,1580122,2020-04-03T24:00:00Z,,0,0,1288,1189,54760,31835,142407,64bb07cf101c54d11933762aecfa917b2203918c
2020-04-02,56,251304.0,556688.0,62085.0,22995.0,9322.0,4513.0,305.0,576.0,32.0,2020-04-02T24:00:00Z,6512.0,9322.0,1437715,2020-04-02T24:00:00Z,,0,0,1175,1320,51405,28135,131146,26f5631636844aa583b09bfd838468403f2ae263
2020-04-01,56,223169.0,505283.0,59694.0,20906.0,8002.0,3937.0,256.0,561.0,32.0,2020-04-01T24:00:00Z,5337.0,8002.0,1306569,2020-04-01T24:00:00Z,,0,0,1006,1302,44681,26204,123021,ff9c0ea95e01fd6fa6ac4df035953816fc3ebdfc
2020-03-31,56,196965.0,460602.0,59550.0,18155.0,6700.0,3487.0,230.0,506.0,,2020-03-31T24:00:00Z,4331.0,6700.0,1183548,2020-03-31T24:00:00Z,,0,0,909,1492,44334,25000,114567,90526b05cc4e3b76827c82099c3ac9e59302e16c
2020-03-30,56,171965.0,416268.0,65369.0,15892.0,5208.0,3087.0,187.0,449.0,,2020-03-30T24:00:00Z,3422.0,5208.0,1068981,2020-03-30T24:00:00Z,,0,0,584,584,50165,21139,100592,9af74a2da031ba35ea0217c92e9646458a2d0642
2020-03-29,56,150826.0,366103.0,65404.0,14055.0,4624.0,2456.0,156.0,433.0,,2020-03-29T24:00:00Z,2838.0,4624.0,968389,2020-03-29T24:00:00Z,,0,0,506,559,41832,19683,86974,dcf7d47af449ccca01a78732aff26a64949e4eb4
2020-03-28,56,131143.0,324271.0,65698.0,12393.0,4065.0,2174.0,140.0,390.0,,2020-03-28T24:00:00Z,2332.0,4065.0,881415,2020-03-28T24:00:00Z,,0,0,550,682,68463,19785,111430,abe005e1f102f02d9f2b5c170ca12e0c175d0d6b
2020-03-27,56,111358.0,255808.0,59795.0,10887.0,3383.0,1792.0,124.0,293.0,,2020-03-27T24:00:00Z,1782.0,3383.0,769985,2020-03-27T24:00:00Z,,0,0,411,777,45156,19215,101260,d5ba3a0c7b7fdc61e996b25b56a0f7127ea45fef
2020-03-26,56,92143.0,210652.0,60131.0,7805.0,2606.0,1299.0,91.0,258.0,,2020-03-26T24:00:00Z,1371.0,2606.0,668725,2020-03-26T24:00:00Z,,0,0,313,655,42359,17592,106945,3f1a0fbd764c5dc0c2769cecb7c9b0bb751f20a5
2020-03-25,56,74551.0,168293.0,51143.0,5140.0,1951.0,,74.0,167.0,,2020-03-25T24:00:00Z,1058.0,1951.0,561780,2020-03-25T24:00:00Z,,0,0,241,873,33006,12657,82429,930b9f0e2305059ebad2c840d7f7354cc3c4ed6f
2020-03-24,56,61894.0,135287.0,14368.0,3938.0,1078.0,,,,,2020-03-24T24:00:00Z,817.0,1078.0,479351,2020-03-24T24:00:00Z,,0,0,235,261,33947,10896,86845,32e849c3d4e39fd11946ce09a732102d7f14ac77
2020-03-23,56,50998.0,101340.0,14551.0,2812.0,817.0,,,,,2020-03-23T24:00:00Z,582.0,817.0,392506,2020-03-23T24:00:00Z,,0,0,102,190,21109,11190,57023,967358494042f7a654c41d355dc6cded3c0f7b3e
2020-03-22,56,39808.0,80231.0,3205.0,2173.0,627.0,,,,,2020-03-22T24:00:00Z,480.0,627.0,335483,2020-03-22T24:00:00Z,,0,0,145,139,12428,9228,52323,19c16a608fdc3b746cfb637ef0db7b6721db06cf
2020-03-21,56,30580.0,67803.0,3485.0,1492.0,488.0,,,,,2020-03-21T24:00:00Z,335.0,488.0,283160,2020-03-21T24:00:00Z,,0,0,62,316,16060,6940,52248,7bc14f703b0a0345489a5437f765f16e7e385986
2020-03-20,56,23640.0,51743.0,3645.0,1042.0,172.0,,,,,2020-03-20T24:00:00Z,273.0,172.0,230912,2020-03-20T24:00:00Z,,0,0,70,44,11805,6100,49555,f394c3ea9f5dd4512ac97b9e03527730a79defb1
2020-03-19,56,17540.0,39938.0,3340.0,617.0,128.0,,,,,2020-03-19T24:00:00Z,203.0,128.0,181357,2020-03-19T24:00:00Z,,0,0,51,34,8361,4606,39258,770358482664264ac2b2656143745512b749de55
2020-03-18,56,12934.0,31577.0,2372.0,416.0,94.0,,,,,2020-03-18T24:00:00Z,152.0,94.0,142099,2020-03-18T24:00:00Z,,0,0,26,18,5394,3357,32196,b35682e3205ac56e1b191d7b82528aeca11d0ab8
2020-03-17,56,9577.0,26183.0,1698.0,325.0,76.0,,,,,2020-03-17T24:00:00Z,126.0,76.0,109903,2020-03-17T24:00:00Z,,0,0,24,33,5856,2128,26755,0230ba99995d39345589ac6fc13af33413ac42f9
2020-03-16,56,7449.0,20327.0,1834.0,,43.0,,,,,2020-03-16T24:00:00Z,102.0,43.0,83148,2020-03-16T24:00:00Z,,0,0,22,6,10931,1711,23114,f27f8a0de638f48588bb9ed77f08b9c2762ca6d6
2020-03-15,51,5738.0,9396.0,2117.0,,37.0,,,,,2020-03-15T24:00:00Z,80.0,37.0,60034,2020-03-15T24:00:00Z,,0,0,15,10,1987,1262,10202,a0924c9164c761730ab9406d0803c73665198df3
2020-03-14,51,4476.0,7409.0,1236.0,,27.0,,,,,2020-03-14T24:00:00Z,65.0,27.0,49832,2020-03-14T24:00:00Z,,0,0,8,4,1876,1026,9816,41f4c1d78d885c75b799ec39af65e47a9e779b60
2020-03-13,51,3450.0,5533.0,1035.0,,23.0,,,,,2020-03-13T24:00:00Z,57.0,23.0,40016,2020-03-13T24:00:00Z,,0,0,5,6,1241,858,9733,e388e7bf2afc43f4b4863fccc6f2913ad1a7e00d
2020-03-12,51,2592.0,4292.0,673.0,,17.0,,,,,2020-03-12T24:00:00Z,52.0,17.0,30283,2020-03-12T24:00:00Z,,0,0,9,5,991,677,6683,f832ea8fa9c51c8994733f10e269218041aa8e49
2020-03-11,51,1915.0,3301.0,568.0,,12.0,,,,,2020-03-11T24:00:00Z,43.0,12.0,23600,2020-03-11T24:00:00Z,,0,0,6,3,1021,418,4447,44e8f4c1c6307207a03e37dc5339f255d6e9e810
2020-03-10,51,1497.0,2280.0,453.0,,9.0,,,,,2020-03-10T24:00:00Z,37.0,9.0,19153,2020-03-10T24:00:00Z,,0,0,2,0,494,436,3322,3cf9a91ee8656d2c9821df5749468dd5513c9a66
2020-03-09,51,1061.0,1786.0,315.0,,9.0,,,,,2020-03-09T24:00:00Z,35.0,9.0,15831,2020-03-09T24:00:00Z,,0,0,4,3,442,304,2055,908bee15be9249d18b3b3f22b43ea4141554ddc0
2020-03-08,51,757.0,1344.0,334.0,,6.0,,,,,2020-03-08T24:00:00Z,31.0,6.0,13776,2020-03-08T24:00:00Z,,0,0,4,0,196,170,1130,5f48f3a7066177939318fb82e0c5828d9c599df5
2020-03-07,51,587.0,1148.0,521.0,,6.0,,,,,2020-03-07T24:00:00Z,27.0,6.0,12646,2020-03-07T24:00:00Z,,0,0,1,0,274,142,931,d78189e30a069cfe7b0309c2a0519dacc86e5b75
2020-03-06,40,445.0,874.0,482.0,,6.0,,,,,2020-03-06T24:00:00Z,26.0,6.0,11715,2020-03-06T24:00:00Z,,0,0,6,1,161,138,2177,fd217a7ddf5e698a3c795c546d471a083891e8fe
2020-03-05,32,307.0,713.0,211.0,,5.0,,,,,2020-03-05T24:00:00Z,20.0,5.0,9538,2020-03-05T24:00:00Z,,0,0,4,1,132,65,1515,971f2fd06cb14d47929a8119280c38d236831814
2020-03-04,26,242.0,581.0,106.0,,4.0,,,,,2020-03-04T24:00:00Z,16.0,4.0,8023,2020-03-04T24:00:00Z,,0,0,2,4,576,128,890,7d6894a853e6f2363e366326bfcb0e6693fa16fa
2020-03-03,16,114.0,5.0,,,,,,,,2020-03-03T24:00:00Z,14.0,,7133,2020-03-03T24:00:00Z,,0,0,3,0,2,42,279,20dcc3b78f647536c1ab431a06b4536b424b825f
2020-03-02,12,72.0,3.0,,,,,,,,2020-03-02T24:00:00Z,11.0,,6854,2020-03-02T24:00:00Z,,0,0,3,0,1,30,203,9faeae0b8a26ed8630ba4235337adc5fbd7b042c
2020-03-01,11,42.0,2.0,,,,,,,,2020-03-01T24:00:00Z,8.0,,6651,2020-03-01T24:00:00Z,,0,0,3,0,2,24,96,9a97451e99fb23863c7500f252dca2c5cd48923a
2020-02-29,8,18.0,,,,,,,,,2020-02-29T24:00:00Z,5.0,,6555,2020-02-29T24:00:00Z,,0,0,1,0,0,3,65,ec8dcacd422d50e1a45822f16803851e6a221279
2020-02-28,7,15.0,,,,,,,,,2020-02-28T24:00:00Z,4.0,,6490,2020-02-28T24:00:00Z,,0,0,2,0,0,2,3,0e9e48365880420971efb3500d80081c34497179
2020-02-27,7,13.0,,,,,,,,,2020-02-27T24:00:00Z,2.0,,6487,2020-02-27T24:00:00Z,,0,0,0,0,0,1,6446,82754c8d1a98af8e9f4cd6edc308d4982a58abcd
2020-02-26,6,12.0,,,,,,,,,2020-02-26T24:00:00Z,2.0,,41,2020-02-26T24:00:00Z,,0,0,2,0,0,2,0,b442b66cab4befe408980c6466a56a469451c2d1
2020-02-25,6,10.0,,,,,,,,,2020-02-25T24:00:00Z,0.0,,41,2020-02-25T24:00:00Z,,0,0,0,0,0,1,1,d572198f16ef21555a99e484d1b24f5a6f931486
2020-02-24,6,9.0,,,,,,,,,2020-02-24T24:00:00Z,0.0,,40,2020-02-24T24:00:00Z,,0,0,0,0,0,1,2,5cac91319461d69641df0917fadc1e0641af70e2
2020-02-23,6,8.0,,,,,,,,,2020-02-23T24:00:00Z,0.0,,38,2020-02-23T24:00:00Z,,0,0,0,0,0,1,0,61eb74f03618a57f83dbff58e629c5e51c1528e4
2020-02-22,6,7.0,,,,,,,,,2020-02-22T24:00:00Z,0.0,,38,2020-02-22T24:00:00Z,,0,0,0,0,0,0,1,41bd2e9c52e995e61b314189f2915e5f1fe05c7c
2020-02-21,6,7.0,,,,,,,,,2020-02-21T24:00:00Z,0.0,,37,2020-02-21T24:00:00Z,,0,0,0,0,0,0,1,59e88b8e836265b058cbae7895fa892ef8b19008
2020-02-20,6,7.0,,,,,,,,,2020-02-20T24:00:00Z,0.0,,36,2020-02-20T24:00:00Z,,0,0,0,0,0,0,1,98c9e28ceec3f81af9e70df489aa8d21f0f45753
2020-02-19,6,7.0,,,,,,,,,2020-02-19T24:00:00Z,0.0,,35,2020-02-19T24:00:00Z,,0,0,0,0,0,0,6,6ea5e7f85ab9b00b0c739429589ff97975ea4e63
2020-02-18,6,7.0,,,,,,,,,2020-02-18T24:00:00Z,0.0,,29,2020-02-18T24:00:00Z,,0,0,0,0,0,0,0,965aa5547c7311d07a9037b6982f1c9ad9a43de1
2020-02-17,6,7.0,,,,,,,,,2020-02-17T24:00:00Z,0.0,,29,2020-02-17T24:00:00Z,,0,0,0,0,0,0,1,1afa9953a86eaf1ee29c32a4b5c0867250c2a513
2020-02-16,6,7.0,,,,,,,,,2020-02-16T24:00:00Z,0.0,,28,2020-02-16T24:00:00Z,,0,0,0,0,0,0,2,29d15de3a9b6b9e77ae62d15edb1827df5a8f607
2020-02-15,6,7.0,,,,,,,,,2020-02-15T24:00:00Z,0.0,,26,2020-02-15T24:00:00Z,,0,0,0,0,0,0,4,e191eac9f25ebcbf218452097a93ffd33ae9cf64
2020-02-14,5,7.0,,,,,,,,,2020-02-14T24:00:00Z,0.0,,22,2020-02-14T24:00:00Z,,0,0,0,0,0,1,0,ee7096da78f0c448b72e82c22157aae637f08a44
2020-02-13,5,6.0,,,,,,,,,2020-02-13T24:00:00Z,0.0,,22,2020-02-13T24:00:00Z,,0,0,0,0,0,1,1,8b1fe8b891ed1c9b7a08ada4848d3c5e52257cd9
2020-02-12,5,5.0,,,,,,,,,2020-02-12T24:00:00Z,0.0,,21,2020-02-12T24:00:00Z,,0,0,0,0,0,0,1,8dd8b51807df5824e3f90833f75853896b24a0f9
2020-02-11,5,5.0,,,,,,,,,2020-02-11T24:00:00Z,0.0,,20,2020-02-11T24:00:00Z,,0,0,0,0,0,0,1,14f19b57460509ebc08a5907528b2f31e79b59f2
2020-02-10,5,5.0,,,,,,,,,2020-02-10T24:00:00Z,0.0,,19,2020-02-10T24:00:00Z,,0,0,0,0,0,0,1,a3b33f9cbf408a36376df77d8514958c125dde29
2020-02-09,4,5.0,,,,,,,,,2020-02-09T24:00:00Z,,,18,2020-02-09T24:00:00Z,,0,0,0,0,0,0,0,f2a72941dabaac1231a359fe69b2c8f07fcf0de9
2020-02-08,4,5.0,,,,,,,,,2020-02-08T24:00:00Z,,,18,2020-02-08T24:00:00Z,,0,0,0,0,0,0,2,45d5434a34930849d0afd61f28e6e5ca8e56a36e
2020-02-07,4,5.0,,,,,,,,,2020-02-07T24:00:00Z,,,16,2020-02-07T24:00:00Z,,0,0,0,0,0,0,0,86d40971c0969dea20d8af3052a59fc8258c198c
2020-02-06,4,5.0,,,,,,,,,2020-02-06T24:00:00Z,,,16,2020-02-06T24:00:00Z,,0,0,0,0,0,2,1,fb667e7beb6fda059a920d946a34999d1f95f299
2020-02-05,4,3.0,,,,,,,,,2020-02-05T24:00:00Z,,,15,2020-02-05T24:00:00Z,,0,0,0,0,0,0,0,d0347190730129163531b7511ec9a46d87cc01c5
2020-02-04,4,3.0,,,,,,,,,2020-02-04T24:00:00Z,,,15,2020-02-04T24:00:00Z,,0,0,0,0,0,0,4,f1808d114a9b1aa49f0d459ad83abac222fab169
2020-02-03,4,3.0,,,,,,,,,2020-02-03T24:00:00Z,,,11,2020-02-03T24:00:00Z,,0,0,0,0,0,1,3,d33cda399ffd5a8f6c021f96985fb70249cdae6e
2020-02-02,4,2.0,,,,,,,,,2020-02-02T24:00:00Z,,,8,2020-02-02T24:00:00Z,,0,0,0,0,0,0,0,913719ab7cdecf79cc06b61d1f416100ae2fe732
2020-02-01,4,2.0,,,,,,,,,2020-02-01T24:00:00Z,,,8,2020-02-01T24:00:00Z,,0,0,0,0,0,0,0,312360d4f68c25860d4ab92b9f0b75294f665102
2020-01-31,4,2.0,,,,,,,,,2020-01-31T24:00:00Z,,,8,2020-01-31T24:00:00Z,,0,0,0,0,0,0,3,da0df81a08624e50176ebd7b0e47377944499c70
2020-01-30,4,2.0,,,,,,,,,2020-01-30T24:00:00Z,,,5,2020-01-30T24:00:00Z,,0,0,0,0,0,0,0,aab145b00f071d93a2917f002d90b8023c8a84e5
2020-01-29,4,2.0,,,,,,,,,2020-01-29T24:00:00Z,,,5,2020-01-29T24:00:00Z,,0,0,0,0,0,0,2,94d048aa2512005bf05ce8bc4fec7fbecec981f5
2020-01-28,3,2.0,,,,,,,,,2020-01-28T24:00:00Z,,,3,2020-01-28T24:00:00Z,,0,0,0,0,0,0,0,c4def787cffd71c27af0fb540777e1e6a0333aac
2020-01-27,3,2.0,,,,,,,,,2020-01-27T24:00:00Z,,,3,2020-01-27T24:00:00Z,,0,0,0,0,0,0,1,c747a44fc1e2b9bc8a23f2cb55ca5439ab6c0bc1
2020-01-26,2,2.0,,,,,,,,,2020-01-26T24:00:00Z,,,2,2020-01-26T24:00:00Z,,0,0,0,0,0,0,0,75935e2e8d35eede3cf3ed0c369bd31f2fbe91f6
2020-01-25,2,2.0,,,,,,,,,2020-01-25T24:00:00Z,,,2,2020-01-25T24:00:00Z,,0,0,0,0,0,0,0,aabb76cda5b58a0f256a8f550cbae00bc81a1764
2020-01-24,2,2.0,,,,,,,,,2020-01-24T24:00:00Z,,,2,2020-01-24T24:00:00Z,,0,0,0,0,0,0,0,5b149d1f58f37c41b40ca3acd7763d764e178776
2020-01-23,2,2.0,,,,,,,,,2020-01-23T24:00:00Z,,,2,2020-01-23T24:00:00Z,,0,0,0,0,0,0,1,c604c6455d8f618678c08ceb76ed9826b253d104
2020-01-22,2,2.0,,,,,,,,,2020-01-22T24:00:00Z,,,1,2020-01-22T24:00:00Z,,0,0,0,0,0,0,1,ffee280533875f8ba1b85294085e74919fcc3ec2
2020-01-21,1,2.0,,,,,,,,,2020-01-21T24:00:00Z,,,0,2020-01-21T24:00:00Z,,0,0,0,0,0,1,0,1eeddf821d7b9cd08a5ff80a5dca47f4693e4eba
2020-01-20,1,1.0,,,,,,,,,2020-01-20T24:00:00Z,,,0,2020-01-20T24:00:00Z,,0,0,0,0,0,0,0,776e42ed9cc6026fcf1e885daaa7dff4fb4b0b3f
2020-01-19,1,1.0,,,,,,,,,2020-01-19T24:00:00Z,,,0,2020-01-19T24:00:00Z,,0,0,0,0,0,1,0,c989920d1706d11b097eaaf5a20bc4d081d1208c
2020-01-18,1,0.0,,,,,,,,,2020-01-18T24:00:00Z,,,0,2020-01-18T24:00:00Z,,0,0,0,0,0,0,0,2394f592b3b27ff21aaebc736a404177acd71927
2020-01-17,1,0.0,,,,,,,,,2020-01-17T24:00:00Z,,,0,2020-01-17T24:00:00Z,,0,0,0,0,0,0,0,5fd7ed7fb0f83565ea0aaaf5ff6104e5860be2d6
2020-01-16,1,0.0,,,,,,,,,2020-01-16T24:00:00Z,,,0,2020-01-16T24:00:00Z,,0,0,0,0,0,0,0,4c0f2ea879eefec1a18a93bcd8a382ea56cd452d
2020-01-15,1,0.0,,,,,,,,,2020-01-15T24:00:00Z,,,0,2020-01-15T24:00:00Z,,0,0,0,0,0,0,0,8a449023413eea473277416e9e30ae126c6af047
2020-01-14,1,0.0,,,,,,,,,2020-01-14T24:00:00Z,,,0,2020-01-14T24:00:00Z,,0,0,0,0,0,0,0,fe399466a3dfbe0221a18ed5cacb39a3882d72f8
2020-01-13,1,,,,,,,,,,2020-01-13T24:00:00Z,,,0,2020-01-13T24:00:00Z,,0,0,0,0,0,0,0,5672debf187b183735be63f6bd85834ead0047ff
