DateTime,Temperature
2009-01-01,-6.81062937062937
2009-01-02,-3.3604861111111113
2009-01-03,5.435694444444445
2009-01-04,7.28388888888889
2009-01-05,12.690069444444445
2009-01-06,15.201597222222224
2009-01-07,20.121875000000003
2009-01-08,18.86479166666667
2009-01-09,21.28972222222222
2009-01-10,11.937847222222222
2009-01-11,3.2109027777777777
2009-01-12,3.6824305555555554
2009-01-13,-1.6781944444444443
2009-01-14,-4.687777777777778
2009-01-15,-0.06097222222222223
2009-01-16,-2.815763888888889
2009-01-17,0.03965277777777779
2009-01-18,2.5628472222222225
2009-01-19,2.5247916666666668
2009-01-20,3.1835416666666667
2009-01-21,-1.5480555555555555
2009-01-22,-1.1256944444444443
2009-01-23,1.4604166666666667
2009-01-24,2.580347222222222
2009-01-25,0.9847222222222223
2009-01-26,-3.2847222222222223
2009-01-27,-1.344236111111111
2009-01-28,-2.4938194444444446
2009-01-29,-2.3710416666666667
2009-01-30,-2.3960416666666666
2009-01-31,-2.001666666666667
2009-02-01,-3.7281944444444446
2009-02-02,-0.7297222222222222
2009-02-03,5.4338194444444445
2009-02-04,10.625833333333333
2009-02-05,12.877569444444443
2009-02-06,17.500208333333333
2009-02-07,21.100694444444443
2009-02-08,20.094166666666666
2009-02-09,19.001388888888886
2009-02-10,8.827152777777776
2009-02-11,6.373680555555556
2009-02-12,0.9474305555555556
2009-02-13,-1.3451388888888889
2009-02-14,-3.6197222222222223
2009-02-15,-4.306388888888889
2009-02-16,0.1820138888888889
2009-02-17,-2.414236111111111
2009-02-18,-4.156041666666667
2009-02-19,-4.658125
2009-02-20,0.24298611111111107
2009-02-21,1.07875
2009-02-22,1.9157638888888888
2009-02-23,2.443125
2009-02-24,-0.3482638888888889
2009-02-25,1.4436805555555554
2009-02-26,3.9734027777777774
2009-02-27,4.852569444444445
2009-02-28,6.567291666666667
2009-03-01,-5.271736111111111
2009-03-02,-0.04368055555555555
2009-03-03,3.935416666666667
2009-03-04,12.841944444444444
2009-03-05,13.19
2009-03-06,10.939305555555556
2009-03-07,21.859444444444442
2009-03-08,17.196875
2009-03-09,16.202916666666667
2009-03-10,10.735555555555557
2009-03-11,5.777013888888889
2009-03-12,3.923402777777778
2009-03-13,6.547638888888889
2009-03-14,5.2664583333333335
2009-03-15,6.188402777777778
2009-03-16,6.14638888888889
2009-03-17,6.388055555555556
2009-03-18,3.901944444444444
2009-03-19,2.7075694444444443
2009-03-20,0.0954861111111111
2009-03-21,1.7323611111111112
2009-03-22,3.869652777777778
2009-03-23,5.707916666666666
2009-03-24,1.2549305555555557
2009-03-25,-0.2568055555555555
2009-03-26,4.225069444444444
2009-03-27,5.914722222222222
2009-03-28,5.385138888888889
2009-03-29,5.857986111111111
2009-03-30,4.617777777777778
2009-03-31,4.680694444444445
2009-04-01,-1.3752083333333334
2009-04-02,-1.0165277777777777
2009-04-03,4.606111111111111
2009-04-04,13.436041666666666
2009-04-05,8.107569444444444
2009-04-06,9.306527777777779
2009-04-07,21.29236111111111
2009-04-08,17.259097222222223
2009-04-09,14.0325
2009-04-10,11.762222222222222
2009-04-11,5.354652777777778
2009-04-12,2.817152777777778
2009-04-13,12.79076388888889
2009-04-14,13.651736111111111
2009-04-15,14.94298611111111
2009-04-16,14.754097222222223
2009-04-17,8.090833333333332
2009-04-18,7.445486111111112
2009-04-19,10.528402777777778
2009-04-20,10.854791666666666
2009-04-21,11.108819444444444
2009-04-22,8.520277777777778
2009-04-23,6.383958333333333
2009-04-24,9.899722222222222
2009-04-25,14.380763888888888
2009-04-26,13.907291666666667
2009-04-27,15.685555555555554
2009-04-28,13.117638888888889
2009-04-29,9.359583333333333
2009-04-30,12.305069444444445
2009-05-01,-4.867152777777778
2009-05-02,1.839513888888889
2009-05-03,2.216527777777778
2009-05-04,11.012847222222222
2009-05-05,6.822847222222222
2009-05-06,9.310694444444444
2009-05-07,20.610416666666666
2009-05-08,18.062291666666667
2009-05-09,12.399652777777778
2009-05-10,10.35763888888889
2009-05-11,6.10125
2009-05-12,0.9170833333333334
2009-05-13,11.822569444444445
2009-05-14,12.2475
2009-05-15,14.563819444444444
2009-05-16,13.085625
2009-05-17,15.731458333333332
2009-05-18,15.54986111111111
2009-05-19,15.382916666666667
2009-05-20,16.889791666666667
2009-05-21,16.80625
2009-05-22,13.374305555555557
2009-05-23,13.40673611111111
2009-05-24,18.656944444444445
2009-05-25,18.5725
2009-05-26,19.945
2009-05-27,12.920763888888889
2009-05-28,11.966111111111111
2009-05-29,11.269305555555555
2009-05-30,10.677916666666667
2009-05-31,13.568194444444444
2009-06-01,-15.482847222222224
2009-06-02,2.575763888888889
2009-06-03,3.949513888888889
2009-06-04,11.967916666666666
2009-06-05,10.533333333333333
2009-06-06,8.15076388888889
2009-06-07,17.570486111111112
2009-06-08,19.816041666666667
2009-06-09,12.459236111111112
2009-06-10,14.646597222222223
2009-06-11,6.322291666666667
2009-06-12,6.259722222222222
2009-06-13,13.369375
2009-06-14,16.1
2009-06-15,16.252847222222222
2009-06-16,12.862013888888889
2009-06-17,14.352569444444445
2009-06-18,17.28451388888889
2009-06-19,15.913888888888888
2009-06-20,13.45138888888889
2009-06-21,11.793541666666666
2009-06-22,11.737569444444444
2009-06-23,13.875694444444443
2009-06-24,16.120208333333334
2009-06-25,14.474097222222222
2009-06-26,17.370069444444443
2009-06-27,16.32409722222222
2009-06-28,17.346874999999997
2009-06-29,18.016944444444444
2009-06-30,20.163055555555555
2009-07-01,-15.734375
2009-07-02,1.4011805555555557
2009-07-03,1.7006249999999998
2009-07-04,12.812430555555556
2009-07-05,14.193541666666667
2009-07-06,12.039583333333333
2009-07-07,15.978958333333331
2009-07-08,21.350069444444443
2009-07-09,14.613750000000001
2009-07-10,18.605763888888887
2009-07-11,4.510486111111111
2009-07-12,5.101180555555556
2009-07-13,20.174722222222222
2009-07-14,19.891319444444445
2009-07-15,20.359305555555554
2009-07-16,20.84472222222222
2009-07-17,19.871944444444445
2009-07-18,15.099791666666667
2009-07-19,14.937916666666666
2009-07-20,15.336180555555554
2009-07-21,18.57069444444444
2009-07-22,21.63423611111111
2009-07-23,20.633819444444445
2009-07-24,16.73159722222222
2009-07-25,15.104305555555555
2009-07-26,16.660486111111112
2009-07-27,20.307361111111113
2009-07-28,18.874305555555555
2009-07-29,19.25111111111111
2009-07-30,18.689652777777777
2009-07-31,15.690763888888888
2009-08-01,-9.609166666666667
2009-08-02,1.1025
2009-08-03,2.807638888888889
2009-08-04,12.856944444444444
2009-08-05,13.231805555555557
2009-08-06,14.51486111111111
2009-08-07,14.749513888888888
2009-08-08,21.142013888888886
2009-08-09,16.745625
2009-08-10,15.332394366197182
2009-08-11,4.141736111111111
2009-08-12,5.644375
2009-08-13,17.161805555555556
2009-08-14,15.985555555555557
2009-08-15,19.0475
2009-08-16,21.997430555555557
2009-08-17,21.65895833333333
2009-08-18,18.675972222222224
2009-08-19,20.17659722222222
2009-08-20,25.302847222222223
2009-08-21,19.559930555555557
2009-08-22,15.945416666666667
2009-08-23,16.141527777777778
2009-08-24,19.28527777777778
2009-08-25,20.497638888888886
2009-08-26,19.37423611111111
2009-08-27,20.371111111111112
2009-08-28,20.013194444444444
2009-08-29,15.186041666666666
2009-08-30,13.711805555555555
2009-08-31,16.808611111111112
2009-09-01,-12.301458333333334
2009-09-02,-0.2054166666666667
2009-09-03,3.841041666666667
2009-09-04,12.505555555555555
2009-09-05,13.124305555555557
2009-09-06,14.812569444444446
2009-09-07,14.636597222222223
2009-09-08,19.97076388888889
2009-09-09,17.5
2009-09-10,8.024791666666665
2009-09-11,3.5526388888888887
2009-09-12,4.598125
2009-09-13,11.097638888888888
2009-09-14,10.908194444444444
2009-09-15,13.9475
2009-09-16,14.738888888888889
2009-09-17,13.91048611111111
2009-09-18,14.355069444444446
2009-09-19,15.05173611111111
2009-09-20,16.466666666666665
2009-09-21,15.037361111111112
2009-09-22,16.056875
2009-09-23,15.67173611111111
2009-09-24,13.3175
2009-09-25,10.895972222222222
2009-09-26,10.790486111111111
2009-09-27,11.474027777777778
2009-09-28,11.933958333333333
2009-09-29,14.043333333333333
2009-09-30,10.814722222222223
2009-10-01,-10.72826388888889
2009-10-02,2.501736111111111
2009-10-03,3.628055555555556
2009-10-04,14.262152777777779
2009-10-05,13.907361111111111
2009-10-06,14.468541666666665
2009-10-07,12.707777777777778
2009-10-08,18.686666666666667
2009-10-09,15.012847222222222
2009-10-10,10.106458333333332
2009-10-11,4.204930555555555
2009-10-12,4.00625
2009-10-13,4.617083333333333
2009-10-14,2.384097222222222
2009-10-15,1.2434027777777779
2009-10-16,3.919583333333333
2009-10-17,3.9593055555555554
2009-10-18,3.9187499999999997
2009-10-19,2.887013888888889
2009-10-20,1.3233333333333333
2009-10-21,2.522222222222222
2009-10-22,2.577916666666667
2009-10-23,6.439791666666667
2009-10-24,7.475416666666667
2009-10-25,9.271527777777777
2009-10-26,8.065625
2009-10-27,10.446666666666665
2009-10-28,9.549791666666668
2009-10-29,8.715277777777779
2009-10-30,6.229583333333333
2009-10-31,1.4540277777777777
2009-11-01,-8.681666666666667
2009-11-02,0.27479166666666666
2009-11-03,2.9263194444444443
2009-11-04,15.262500000000001
2009-11-05,10.490208333333333
2009-11-06,13.322291666666667
2009-11-07,12.454166666666667
2009-11-08,18.151458333333334
2009-11-09,15.170902777777778
2009-11-10,10.525347222222223
2009-11-11,5.290555555555556
2009-11-12,1.4195833333333332
2009-11-13,8.440138888888889
2009-11-14,10.077569444444444
2009-11-15,9.69951388888889
2009-11-16,7.326527777777778
2009-11-17,9.412986111111111
2009-11-18,8.269583333333333
2009-11-19,9.205763888888889
2009-11-20,8.08125
2009-11-21,9.07826388888889
2009-11-22,10.616458333333334
2009-11-23,9.036111111111111
2009-11-24,9.579027777777778
2009-11-25,10.929513888888888
2009-11-26,8.046180555555557
2009-11-27,7.162152777777777
2009-11-28,6.894375
2009-11-29,8.692708333333334
2009-11-30,5.038819444444445
2009-12-01,-5.38486111111111
2009-12-02,-1.4327083333333333
2009-12-03,2.976111111111111
2009-12-04,14.096875
2009-12-05,10.844861111111111
2009-12-06,11.077152777777776
2009-12-07,16.04715277777778
2009-12-08,17.936875
2009-12-09,13.812847222222222
2009-12-10,6.733125
2009-12-11,4.559027777777778
2009-12-12,-0.037013888888888895
2009-12-13,-2.9225694444444446
2009-12-14,-3.671111111111111
2009-12-15,-2.45125
2009-12-16,-3.8531944444444446
2009-12-17,-6.976875
2009-12-18,-10.73625
2009-12-19,-15.984930555555556
2009-12-20,-12.193194444444444
2009-12-21,-3.2488888888888887
2009-12-22,3.1913194444444444
2009-12-23,-0.07305555555555557
2009-12-24,-0.26805555555555555
2009-12-25,3.6904166666666662
2009-12-26,2.0029861111111114
2009-12-27,-0.5450694444444444
2009-12-28,2.0119444444444445
2009-12-29,-2.211875
2009-12-30,1.1199305555555557
2009-12-31,-1.2822916666666666
2010-01-01,-3.8192361111111115
2010-01-02,-2.2762499999999997
2010-01-03,4.1686805555555555
2010-01-04,5.149166666666667
2010-01-05,12.571874999999999
2010-01-06,9.696666666666665
2010-01-07,22.53219512195122
2010-01-08,20.780347222222222
2010-01-09,11.763055555555557
2010-01-10,9.953541666666666
2010-01-11,7.3774999999999995
2010-01-12,-11.012777777777778
2010-01-13,-9.431736111111112
2010-01-14,-2.341527777777778
2010-01-15,-2.103472222222222
2010-01-16,-2.7097916666666664
2010-01-17,-0.041319444444444436
2010-01-18,2.249513888888889
2010-01-19,0.7620833333333333
2010-01-20,-0.22277777777777777
2010-01-21,-6.013402777777777
2010-01-22,-6.487013888888889
2010-01-23,-5.828472222222222
2010-01-24,-5.601180555555556
2010-01-25,-5.586111111111111
2010-01-26,-11.842916666666667
2010-01-27,-11.237708333333334
2010-01-28,-0.5391666666666667
2010-01-29,0.02861111111111112
2010-01-30,-2.1807638888888885
2010-01-31,-4.670763888888889
2010-02-01,-5.110555555555555
2010-02-02,-1.8699305555555554
2010-02-03,1.7577083333333334
2010-02-04,4.511597222222222
2010-02-05,10.152986111111112
2010-02-06,10.762847222222222
2010-02-07,24.476758620689655
2010-02-08,18.94020833333333
2010-02-09,12.751319444444444
2010-02-10,11.336319444444445
2010-02-11,6.487986111111111
2010-02-12,-11.383541666666666
2010-02-13,-4.790625
2010-02-14,-4.7960416666666665
2010-02-15,-4.657777777777778
2010-02-16,-5.632638888888889
2010-02-17,-5.175902777777778
2010-02-18,1.6727083333333335
2010-02-19,1.4715277777777778
2010-02-20,0.8743055555555556
2010-02-21,-0.27694444444444444
2010-02-22,2.457986111111111
2010-02-23,3.830625
2010-02-24,2.875277777777778
2010-02-25,5.845416666666667
2010-02-26,6.734444444444445
2010-02-27,4.960277777777778
2010-02-28,7.890347222222222
2010-03-01,-4.702222222222222
2010-03-02,0.5686111111111111
2010-03-03,1.2244444444444444
2010-03-04,6.469375
2010-03-05,10.737152777777778
2010-03-06,15.629999999999999
2010-03-07,25.76263888888889
2010-03-08,15.60638888888889
2010-03-09,13.184444444444445
2010-03-10,13.296666666666667
2010-03-11,10.40486111111111
2010-03-12,-11.812083333333334
2010-03-13,2.430416666666667
2010-03-14,3.5877777777777777
2010-03-15,1.583125
2010-03-16,2.5239583333333333
2010-03-17,5.762569444444444
2010-03-18,7.2924999999999995
2010-03-19,10.054791666666667
2010-03-20,11.704166666666667
2010-03-21,11.052777777777777
2010-03-22,7.843958333333333
2010-03-23,7.81513888888889
2010-03-24,9.440069444444443
2010-03-25,13.035555555555554
2010-03-26,12.167499999999999
2010-03-27,7.553333333333334
2010-03-28,7.707152777777777
2010-03-29,8.790624999999999
2010-03-30,11.835347222222222
2010-03-31,7.196458333333333
2010-04-01,-6.132569444444445
2010-04-02,0.2692361111111111
2010-04-03,-2.09625
2010-04-04,8.471666666666668
2010-04-05,7.7245833333333325
2010-04-06,15.741805555555556
2010-04-07,21.899305555555557
2010-04-08,16.177569444444444
2010-04-09,11.093125
2010-04-10,11.158333333333333
2010-04-11,14.462708333333333
2010-04-12,-9.804444444444444
2010-04-13,8.063055555555556
2010-04-14,5.843819444444445
2010-04-15,4.57375
2010-04-16,5.930486111111112
2010-04-17,7.110069444444445
2010-04-18,10.029097222222223
2010-04-19,9.167083333333332
2010-04-20,10.789027777777779
2010-04-21,5.191319444444444
2010-04-22,5.428472222222222
2010-04-23,7.158472222222222
2010-04-24,10.385208333333333
2010-04-25,13.807708333333332
2010-04-26,12.09875
2010-04-27,12.125625
2010-04-28,12.295277777777777
2010-04-29,16.264027777777777
2010-04-30,16.89784722222222
2010-05-01,-10.263402777777777
2010-05-02,-0.6791666666666667
2010-05-03,-3.3188194444444448
2010-05-04,6.703819444444445
2010-05-05,6.508611111111112
2010-05-06,18.142152777777778
2010-05-07,20.661944444444444
2010-05-08,16.5525
2010-05-09,10.106805555555557
2010-05-10,12.667291666666666
2010-05-11,13.147013888888889
2010-05-12,-2.2730555555555556
2010-05-13,7.5614583333333325
2010-05-14,6.844930555555555
2010-05-15,5.676944444444445
2010-05-16,9.668611111111112
2010-05-17,10.386944444444445
2010-05-18,9.252222222222223
2010-05-19,7.247847222222223
2010-05-20,9.747152777777778
2010-05-21,13.202916666666667
2010-05-22,13.694375
2010-05-23,16.733541666666667
2010-05-24,16.534374999999997
2010-05-25,14.097222222222221
2010-05-26,10.879583333333334
2010-05-27,12.005902777777777
2010-05-28,12.901527777777778
2010-05-29,13.701805555555556
2010-05-30,13.089444444444446
2010-05-31,9.135625
2010-06-01,-9.028194444444445
2010-06-02,-0.031597222222222214
2010-06-03,-3.962083333333333
2010-06-04,7.878611111111111
2010-06-05,5.301875
2010-06-06,20.894861111111112
2010-06-07,16.13145833333333
2010-06-08,14.068958333333335
2010-06-09,10.493055555555555
2010-06-10,13.678819444444445
2010-06-11,9.660555555555556
2010-06-12,-1.4000694444444446
2010-06-13,13.772361111111111
2010-06-14,13.766805555555557
2010-06-15,14.702638888888888
2010-06-16,14.369652777777778
2010-06-17,16.42826388888889
2010-06-18,16.227083333333333
2010-06-19,11.686736111111111
2010-06-20,12.194166666666668
2010-06-21,11.77111111111111
2010-06-22,13.499305555555557
2010-06-23,15.645208333333333
2010-06-24,19.071180555555557
2010-06-25,18.646805555555556
2010-06-26,18.4225
2010-06-27,18.653194444444445
2010-06-28,20.56875
2010-06-29,22.12826388888889
2010-06-30,21.986736111111114
2010-07-01,-8.348263888888889
2010-07-02,-4.96375
2010-07-03,-4.605069444444444
2010-07-04,10.287847222222222
2010-07-05,6.5282638888888895
2010-07-06,18.391527777777778
2010-07-07,17.121111111111112
2010-07-08,17.787847222222222
2010-07-09,12.327013888888889
2010-07-10,12.32763888888889
2010-07-11,4.067152777777777
2010-07-12,-3.9334027777777774
2010-07-13,22.602291666666666
2010-07-14,25.20576388888889
2010-07-15,22.04013888888889
2010-07-16,24.956249999999997
2010-07-17,20.437569444444446
2010-07-18,18.97763888888889
2010-07-19,18.564027777777778
2010-07-20,20.566180555555558
2010-07-21,25.011736111111112
2010-07-22,22.310555555555553
2010-07-23,17.72694444444444
2010-07-24,16.439861111111114
2010-07-25,15.598541666666668
2010-07-26,15.03840277777778
2010-07-27,17.536180555555557
2010-07-28,16.254097222222224
2010-07-29,14.777152777777777
2010-07-30,15.912500000000001
2010-07-31,17.908055555555556
2010-08-01,-9.687083333333334
2010-08-02,-7.049444444444444
2010-08-03,-3.963263888888889
2010-08-04,10.953333333333333
2010-08-05,9.42173611111111
2010-08-06,19.18451388888889
2010-08-07,21.296666666666667
2010-08-08,17.042291666666667
2010-08-09,13.766944444444444
2010-08-10,12.215277777777779
2010-08-11,2.0440277777777776
2010-08-12,-3.3875694444444444
2010-08-13,16.05125
2010-08-14,16.011875
2010-08-15,14.985694444444444
2010-08-16,14.947222222222223
2010-08-17,13.507152777777778
2010-08-18,15.740486111111112
2010-08-19,16.07645833333333
2010-08-20,17.463680555555555
2010-08-21,20.63451388888889
2010-08-22,21.354027777777777
2010-08-23,18.987777777777776
2010-08-24,17.593888888888888
2010-08-25,15.32736111111111
2010-08-26,17.58763888888889
2010-08-27,18.342152777777777
2010-08-28,13.337986111111112
2010-08-29,11.584791666666668
2010-08-30,9.116111111111111
2010-08-31,12.21125
2010-09-01,-5.3152083333333335
2010-09-02,-6.849374999999999
2010-09-03,-5.612152777777777
2010-09-04,9.014305555555556
2010-09-05,10.063472222222224
2010-09-06,22.765833333333333
2010-09-07,24.863055555555558
2010-09-08,17.072083333333335
2010-09-09,13.811875
2010-09-10,10.290694444444444
2010-09-11,3.7608333333333337
2010-09-12,-2.078333333333333
2010-09-13,13.586319444444445
2010-09-14,12.564583333333333
2010-09-15,14.118749999999999
2010-09-16,12.476597222222223
2010-09-17,11.312430555555556
2010-09-18,9.28
2010-09-19,9.431527777777779
2010-09-20,11.099791666666668
2010-09-21,12.727361111111112
2010-09-22,13.079652777777778
2010-09-23,14.346388888888889
2010-09-24,16.234444444444446
2010-09-25,10.467291666666666
2010-09-26,9.055486111111112
2010-09-27,8.31125
2010-09-28,9.216944444444444
2010-09-29,8.228055555555555
2010-09-30,8.500763888888889
2010-10-01,-5.1774305555555555
2010-10-02,-6.7039583333333335
2010-10-03,-2.8002777777777776
2010-10-04,5.893263888888889
2010-10-05,8.315833333333334
2010-10-06,23.381527777777777
2010-10-07,26.892777777777777
2010-10-08,18.891180555555554
2010-10-09,14.476319444444446
2010-10-10,6.610625
2010-10-11,5.032291666666667
2010-10-12,-1.7865972222222222
2010-10-13,4.894513888888889
2010-10-14,6.081736111111111
2010-10-15,8.216041666666666
2010-10-16,6.098888888888889
2010-10-17,5.2051388888888885
2010-10-18,2.035902777777778
2010-10-19,3.488888888888889
2010-10-20,4.956527777777778
2010-10-21,4.310208333333333
2010-10-22,4.114027777777777
2010-10-23,5.056597222222222
2010-10-24,7.405833333333334
2010-10-25,3.8912500000000003
2010-10-26,3.963194444444445
2010-10-27,5.072430555555555
2010-10-28,8.642430555555556
2010-10-29,7.633819444444445
2010-10-30,9.165208333333332
2010-10-31,8.575416666666666
2010-11-01,-6.733888888888888
2010-11-02,-6.440972222222222
2010-11-03,-3.694861111111111
2010-11-04,3.311388888888889
2010-11-05,8.674097222222223
2010-11-06,21.40152777777778
2010-11-07,27.641180555555554
2010-11-08,17.047291666666666
2010-11-09,14.012777777777778
2010-11-10,5.423055555555555
2010-11-11,4.554791666666667
2010-11-12,2.526736111111111
2010-11-13,13.690138888888889
2010-11-14,13.728124999999999
2010-11-15,8.78125
2010-11-16,3.1814583333333335
2010-11-17,2.117916666666667
2010-11-18,3.3061805555555552
2010-11-19,4.353125
2010-11-20,3.5436805555555555
2010-11-21,0.13993055555555556
2010-11-22,0.9029861111111112
2010-11-23,1.364375
2010-11-24,0.3923611111111111
2010-11-25,-0.5321527777777777
2010-11-26,-1.7011805555555555
2010-11-27,-5.611875
2010-11-28,-5.342083333333333
2010-11-29,-3.836597222222222
2010-11-30,-5.388819444444445
2010-12-01,-6.860902777777778
2010-12-02,-3.690347222222222
2010-12-03,0.4536111111111111
2010-12-04,4.971041666666667
2010-12-05,10.531944444444443
2010-12-06,16.526944444444446
2010-12-07,26.16451388888889
2010-12-08,15.393749999999999
2010-12-09,15.416180555555554
2010-12-10,3.725763888888889
2010-12-11,9.289791666666666
2010-12-12,-0.1346527777777778
2010-12-13,-6.142361111111111
2010-12-14,-5.513333333333333
2010-12-15,-6.473611111111111
2010-12-16,-6.090416666666666
2010-12-17,-4.931875000000001
2010-12-18,-9.020972222222222
2010-12-19,-4.580208333333333
2010-12-20,-1.8163888888888888
2010-12-21,-4.130138888888889
2010-12-22,-0.7279166666666667
2010-12-23,-0.8288888888888889
2010-12-24,-2.8206944444444444
2010-12-25,-7.287430555555556
2010-12-26,-9.840763888888889
2010-12-27,-4.520347222222222
2010-12-28,-5.791944444444444
2010-12-29,-13.163541666666667
2010-12-30,-10.362291666666668
2010-12-31,-4.2086805555555555
2011-01-01,-0.31659722222222225
2011-01-02,-5.702222222222222
2011-01-03,-0.044305555555555556
2011-01-04,13.580208333333333
2011-01-05,9.337777777777779
2011-01-06,10.995277777777778
2011-01-07,11.117847222222222
2011-01-08,14.963333333333331
2011-01-09,14.208888888888888
2011-01-10,15.799999999999999
2011-01-11,7.1899999999999995
2011-01-12,3.8588194444444444
2011-01-13,5.908888888888889
2011-01-14,9.841805555555556
2011-01-15,7.741388888888888
2011-01-16,5.752638888888889
2011-01-17,1.6062500000000002
2011-01-18,5.726666666666667
2011-01-19,1.3145833333333334
2011-01-20,-0.6408333333333334
2011-01-21,-2.154236111111111
2011-01-22,-2.3354166666666667
2011-01-23,-1.2705555555555557
2011-01-24,0.5026388888888889
2011-01-25,0.9252083333333333
2011-01-26,0.15284722222222222
2011-01-27,-2.7667361111111113
2011-01-28,-3.004166666666667
2011-01-29,-5.756319444444444
2011-01-30,-6.2967361111111115
2011-01-31,-6.309444444444444
2011-02-01,-0.35368055555555555
2011-02-02,-3.3878472222222222
2011-02-03,-0.3335416666666667
2011-02-04,14.559236111111112
2011-02-05,5.599236111111111
2011-02-06,14.970694444444446
2011-02-07,11.150416666666667
2011-02-08,17.711458333333333
2011-02-09,16.315347222222222
2011-02-10,15.769513888888888
2011-02-11,7.319027777777778
2011-02-12,7.860763888888889
2011-02-13,1.53125
2011-02-14,1.871388888888889
2011-02-15,1.2765972222222224
2011-02-16,2.547152777777778
2011-02-17,-2.004305555555556
2011-02-18,-2.941388888888889
2011-02-19,-3.254722222222222
2011-02-20,-6.170347222222222
2011-02-21,-8.896666666666667
2011-02-22,-9.646180555555555
2011-02-23,-9.078194444444444
2011-02-24,-3.090972222222222
2011-02-25,-0.09625000000000002
2011-02-26,0.24555555555555555
2011-02-27,1.0187499999999998
2011-02-28,1.3938194444444445
2011-03-01,-1.5672222222222223
2011-03-02,-0.2888888888888889
2011-03-03,-1.0559027777777779
2011-03-04,15.378819444444446
2011-03-05,4.860902777777778
2011-03-06,17.594305555555554
2011-03-07,10.865902777777778
2011-03-08,20.539027777777775
2011-03-09,19.595416666666665
2011-03-10,16.05513888888889
2011-03-11,8.38875
2011-03-12,3.4327083333333333
2011-03-13,8.437222222222223
2011-03-14,9.238750000000001
2011-03-15,8.943194444444444
2011-03-16,4.429375
2011-03-17,4.605972222222222
2011-03-18,3.4071527777777777
2011-03-19,2.9155555555555552
2011-03-20,1.8031249999999999
2011-03-21,3.954652777777778
2011-03-22,5.883611111111112
2011-03-23,6.723333333333333
2011-03-24,7.252152777777777
2011-03-25,7.646319444444444
2011-03-26,4.2785416666666665
2011-03-27,3.652083333333333
2011-03-28,4.923958333333333
2011-03-29,6.520763888888889
2011-03-30,8.897638888888888
2011-03-31,10.496527777777779
2011-04-01,-5.887361111111111
2011-04-02,3.399722222222222
2011-04-03,-0.15166666666666667
2011-04-04,9.204930555555556
2011-04-05,4.587361111111111
2011-04-06,20.907430555555557
2011-04-07,14.408055555555556
2011-04-08,19.81138888888889
2011-04-09,20.939722222222223
2011-04-10,17.491944444444446
2011-04-11,7.3180555555555555
2011-04-12,6.688055555555556
2011-04-13,6.410069444444444
2011-04-14,6.058888888888889
2011-04-15,6.4991666666666665
2011-04-16,8.965277777777779
2011-04-17,9.684097222222222
2011-04-18,10.0475
2011-04-19,12.129791666666668
2011-04-20,13.400555555555556
2011-04-21,14.675555555555556
2011-04-22,15.261527777777777
2011-04-23,15.639097222222224
2011-04-24,14.620624999999999
2011-04-25,11.030416666666667
2011-04-26,8.866458333333334
2011-04-27,10.540277777777778
2011-04-28,12.862916666666667
2011-04-29,14.009861111111112
2011-04-30,13.015069444444444
2011-05-01,-7.415902777777778
2011-05-02,8.198194444444445
2011-05-03,-0.31055555555555553
2011-05-04,8.961388888888889
2011-05-05,7.980486111111111
2011-05-06,21.879930555555557
2011-05-07,15.601875
2011-05-08,19.329375
2011-05-09,17.31277777777778
2011-05-10,15.810555555555554
2011-05-11,6.5436805555555555
2011-05-12,2.6274305555555557
2011-05-13,12.919166666666666
2011-05-14,12.78111111111111
2011-05-15,10.23798611111111
2011-05-16,10.245347222222222
2011-05-17,14.131041666666667
2011-05-18,16.31173611111111
2011-05-19,16.57715277777778
2011-05-20,15.632916666666667
2011-05-21,16.458194444444445
2011-05-22,18.354236111111113
2011-05-23,15.622916666666665
2011-05-24,15.31625
2011-05-25,12.668611111111112
2011-05-26,16.875694444444445
2011-05-27,13.664722222222222
2011-05-28,12.792291666666666
2011-05-29,16.965694444444445
2011-05-30,21.16090277777778
2011-05-31,18.79125
2011-06-01,1.6169444444444445
2011-06-02,8.332569444444445
2011-06-03,0.05979166666666666
2011-06-04,13.652083333333334
2011-06-05,12.236805555555556
2011-06-06,18.79388888888889
2011-06-07,19.150625
2011-06-08,21.686597222222222
2011-06-09,15.917777777777777
2011-06-10,13.62
2011-06-11,6.845277777777778
2011-06-12,1.3670833333333334
2011-06-13,15.765555555555554
2011-06-14,16.359791666666666
2011-06-15,18.615555555555556
2011-06-16,18.9325
2011-06-17,16.55847222222222
2011-06-18,15.091111111111111
2011-06-19,13.304791666666667
2011-06-20,13.867569444444445
2011-06-21,16.66861111111111
2011-06-22,17.690069444444443
2011-06-23,16.022152777777777
2011-06-24,13.500833333333334
2011-06-25,12.901597222222222
2011-06-26,17.533402777777777
2011-06-27,20.12847222222222
2011-06-28,21.55604166666667
2011-06-29,20.963541666666668
2011-06-30,13.400138888888888
2011-07-01,5.595069444444444
2011-07-02,4.787152777777778
2011-07-03,-0.9493750000000001
2011-07-04,14.456666666666669
2011-07-05,15.401666666666667
2011-07-06,18.537916666666668
2011-07-07,20.31972222222222
2011-07-08,17.91645833333333
2011-07-09,15.151458333333332
2011-07-10,8.244097222222223
2011-07-11,4.8720138888888895
2011-07-12,2.6732638888888887
2011-07-13,19.860902777777778
2011-07-14,15.144583333333335
2011-07-15,15.078333333333335
2011-07-16,18.43722222222222
2011-07-17,16.604583333333334
2011-07-18,14.909027777777778
2011-07-19,17.25125
2011-07-20,18.10013888888889
2011-07-21,15.488750000000001
2011-07-22,13.605347222222223
2011-07-23,13.060277777777777
2011-07-24,13.120347222222222
2011-07-25,13.113750000000001
2011-07-26,16.258611111111108
2011-07-27,19.142291666666665
2011-07-28,18.09486111111111
2011-07-29,16.743194444444445
2011-07-30,12.958472222222222
2011-07-31,12.880069444444445
2011-08-01,7.668888888888889
2011-08-02,5.701736111111111
2011-08-03,2.395555555555555
2011-08-04,10.551805555555555
2011-08-05,14.832500000000001
2011-08-06,15.791111111111112
2011-08-07,18.169583333333335
2011-08-08,14.275625
2011-08-09,12.379861111111111
2011-08-10,6.531875
2011-08-11,4.317569444444445
2011-08-12,4.5917361111111115
2011-08-13,17.009375
2011-08-14,18.992083333333333
2011-08-15,16.767430555555556
2011-08-16,16.250138888888888
2011-08-17,19.27576388888889
2011-08-18,21.638055555555557
2011-08-19,17.768749999999997
2011-08-20,16.396944444444443
2011-08-21,18.64805555555556
2011-08-22,21.29048611111111
2011-08-23,21.544722222222223
2011-08-24,22.376041666666666
2011-08-25,19.74277777777778
2011-08-26,24.716597222222223
2011-08-27,14.637916666666667
2011-08-28,14.623611111111112
2011-08-29,14.680138888888889
2011-08-30,12.287152777777777
2011-08-31,11.813333333333333
2011-09-01,5.484930555555556
2011-09-02,0.05770833333333335
2011-09-03,5.612638888888889
2011-09-04,8.992291666666667
2011-09-05,16.493055555555557
2011-09-06,14.942152777777778
2011-09-07,20.871805555555554
2011-09-08,13.2425
2011-09-09,15.115763888888889
2011-09-10,6.621388888888889
2011-09-11,2.773888888888889
2011-09-12,4.711388888888889
2011-09-13,17.562847222222224
2011-09-14,14.206388888888888
2011-09-15,12.490416666666667
2011-09-16,12.222152777777778
2011-09-17,16.553125
2011-09-18,12.431041666666665
2011-09-19,11.552708333333333
2011-09-20,11.279722222222222
2011-09-21,12.033958333333334
2011-09-22,13.189583333333333
2011-09-23,11.480486111111112
2011-09-24,11.833472222222222
2011-09-25,13.569097222222222
2011-09-26,15.864444444444445
2011-09-27,15.35465277777778
2011-09-28,15.19784722222222
2011-09-29,14.441736111111112
2011-09-30,15.45840277777778
2011-10-01,-2.4699305555555555
2011-10-02,1.019375
2011-10-03,6.470069444444444
2011-10-04,9.02111111111111
2011-10-05,17.269791666666666
2011-10-06,14.250555555555556
2011-10-07,19.647430555555555
2011-10-08,13.542222222222222
2011-10-09,20.053819444444443
2011-10-10,11.88638888888889
2011-10-11,3.286597222222222
2011-10-12,1.743125
2011-10-13,7.565833333333334
2011-10-14,3.2152083333333334
2011-10-15,3.029236111111111
2011-10-16,6.045416666666666
2011-10-17,6.770486111111111
2011-10-18,8.602361111111112
2011-10-19,6.385833333333333
2011-10-20,4.842847222222222
2011-10-21,2.2284027777777777
2011-10-22,2.1010416666666667
2011-10-23,3.8535416666666666
2011-10-24,7.726388888888888
2011-10-25,7.662916666666667
2011-10-26,9.103194444444444
2011-10-27,6.549027777777778
2011-10-28,10.561388888888889
2011-10-29,9.205277777777777
2011-10-30,10.453125
2011-10-31,9.960625
2011-11-01,-0.5151388888888889
2011-11-02,7.4472916666666675
2011-11-03,7.056319444444444
2011-11-04,12.01763888888889
2011-11-05,16.250208333333333
2011-11-06,14.308263888888888
2011-11-07,18.853541666666665
2011-11-08,18.20784722222222
2011-11-09,20.23611111111111
2011-11-10,14.478124999999999
2011-11-11,1.6101388888888888
2011-11-12,-0.758888888888889
2011-11-13,0.9670833333333333
2011-11-14,-0.5631944444444444
2011-11-15,-3.0636805555555555
2011-11-16,-2.555138888888889
2011-11-17,-1.0599305555555556
2011-11-18,2.195972222222222
2011-11-19,4.344513888888889
2011-11-20,2.298611111111111
2011-11-21,5.145138888888889
2011-11-22,2.562986111111111
2011-11-23,2.332430555555556
2011-11-24,1.4963888888888888
2011-11-25,1.6822916666666667
2011-11-26,4.728402777777777
2011-11-27,6.075972222222222
2011-11-28,4.442083333333333
2011-11-29,0.06812499999999999
2011-11-30,5.709027777777778
2011-12-01,3.6081250000000002
2011-12-02,-0.4311111111111111
2011-12-03,5.9279166666666665
2011-12-04,8.607083333333334
2011-12-05,14.321805555555557
2011-12-06,15.421944444444446
2011-12-07,19.612777777777776
2011-12-08,17.15076388888889
2011-12-09,16.747430555555557
2011-12-10,8.334375000000001
2011-12-11,1.493263888888889
2011-12-12,4.160347222222223
2011-12-13,4.727013888888889
2011-12-14,5.5055555555555555
2011-12-15,3.7806944444444444
2011-12-16,4.026458333333333
2011-12-17,2.4366666666666665
2011-12-18,1.0427777777777778
2011-12-19,-0.16159722222222223
2011-12-20,-0.44875000000000004
2011-12-21,2.3627777777777776
2011-12-22,2.39
2011-12-23,6.272638888888888
2011-12-24,3.866527777777778
2011-12-25,3.3128472222222225
2011-12-26,7.108472222222222
2011-12-27,6.704513888888889
2011-12-28,4.783680555555556
2011-12-29,3.7888194444444445
2011-12-30,1.7923611111111113
2011-12-31,1.7109722222222221
2012-01-01,7.769097222222222
2012-01-02,-11.999930555555556
2012-01-03,10.3575
2012-01-04,4.461527777777778
2012-01-05,16.91340277777778
2012-01-06,12.64076388888889
2012-01-07,19.020555555555557
2012-01-08,21.10861111111111
2012-01-09,14.87013888888889
2012-01-10,11.324722222222222
2012-01-11,6.432361111111111
2012-01-12,-2.1975
2012-01-13,1.7231944444444443
2012-01-14,1.011111111111111
2012-01-15,-1.7202777777777778
2012-01-16,-1.7260416666666667
2012-01-17,-0.16493055555555555
2012-01-18,-0.5733333333333334
2012-01-19,3.102291666666667
2012-01-20,1.5256944444444445
2012-01-21,1.9290277777777776
2012-01-22,3.813680555555555
2012-01-23,3.2303472222222225
2012-01-24,1.2538194444444446
2012-01-25,0.61625
2012-01-26,-1.9215972222222222
2012-01-27,-1.6697916666666666
2012-01-28,-2.366527777777778
2012-01-29,-6.132361111111111
2012-01-30,-7.3379166666666675
2012-01-31,-9.651944444444446
2012-02-01,8.635416666666666
2012-02-02,-14.56451388888889
2012-02-03,7.309027777777778
2012-02-04,7.170694444444444
2012-02-05,17.85451388888889
2012-02-06,12.16125
2012-02-07,16.660833333333333
2012-02-08,23.660694444444445
2012-02-09,14.869861111111113
2012-02-10,13.063819444444444
2012-02-11,8.017222222222223
2012-02-12,-0.49583333333333335
2012-02-13,-3.6484027777777777
2012-02-14,-0.7095833333333333
2012-02-15,2.560833333333333
2012-02-16,1.5920138888888888
2012-02-17,4.615833333333333
2012-02-18,5.254861111111111
2012-02-19,3.9577777777777774
2012-02-20,0.5660416666666667
2012-02-21,0.6921527777777778
2012-02-22,5.812986111111112
2012-02-23,7.564236111111111
2012-02-24,9.704722222222223
2012-02-25,6.049722222222222
2012-02-26,4.014097222222222
2012-02-27,2.3999305555555552
2012-02-28,6.93125
2012-02-29,9.938680555555557
2012-03-01,5.074861111111111
2012-03-02,-14.447361111111112
2012-03-03,6.295277777777778
2012-03-04,9.767222222222223
2012-03-05,14.995208333333332
2012-03-06,9.245833333333334
2012-03-07,18.204930555555556
2012-03-08,20.976319444444446
2012-03-09,17.193541666666665
2012-03-10,14.209652777777778
2012-03-11,8.220972222222223
2012-03-12,0.41875
2012-03-13,6.649722222222222
2012-03-14,5.609444444444445
2012-03-15,7.637499999999999
2012-03-16,10.99798611111111
2012-03-17,12.624236111111111
2012-03-18,10.032083333333334
2012-03-19,6.465486111111111
2012-03-20,6.046180555555555
2012-03-21,9.631250000000001
2012-03-22,8.910277777777777
2012-03-23,8.503333333333334
2012-03-24,9.5275
2012-03-25,10.76701388888889
2012-03-26,8.295555555555556
2012-03-27,9.658958333333334
2012-03-28,12.216041666666666
2012-03-29,8.823125
2012-03-30,7.655972222222222
2012-03-31,6.224097222222222
2012-04-01,5.009375
2012-04-02,-12.769027777777778
2012-04-03,7.268194444444443
2012-04-04,7.331041666666668
2012-04-05,14.735000000000001
2012-04-06,11.826527777777777
2012-04-07,21.07784722222222
2012-04-08,21.177152777777778
2012-04-09,16.876875
2012-04-10,13.178819444444445
2012-04-11,8.079722222222223
2012-04-12,2.246111111111111
2012-04-13,7.320486111111112
2012-04-14,6.615277777777778
2012-04-15,7.759722222222223
2012-04-16,5.886319444444444
2012-04-17,5.162569444444444
2012-04-18,7.057986111111111
2012-04-19,9.182430555555555
2012-04-20,9.760208333333333
2012-04-21,8.817430555555555
2012-04-22,8.89625
2012-04-23,7.979652777777777
2012-04-24,8.604166666666666
2012-04-25,11.399999999999999
2012-04-26,14.743333333333332
2012-04-27,17.35666666666667
2012-04-28,21.778888888888886
2012-04-29,21.855625
2012-04-30,18.060625
2012-05-01,3.2513194444444444
2012-05-02,-14.583472222222222
2012-05-03,4.4575
2012-05-04,3.9397222222222226
2012-05-05,11.317916666666667
2012-05-06,9.900555555555556
2012-05-07,19.60611111111111
2012-05-08,19.324444444444442
2012-05-09,14.096944444444444
2012-05-10,12.691527777777777
2012-05-11,7.858680555555556
2012-05-12,-0.07444444444444445
2012-05-13,7.274722222222222
2012-05-14,10.166944444444445
2012-05-15,10.359166666666667
2012-05-16,8.425694444444444
2012-05-17,8.964791666666667
2012-05-18,12.793333333333333
2012-05-19,18.137222222222224
2012-05-20,20.68201388888889
2012-05-21,20.866180555555555
2012-05-22,22.299236111111114
2012-05-23,22.973194444444445
2012-05-24,19.59402777777778
2012-05-25,16.450694444444444
2012-05-26,16.726319444444446
2012-05-27,17.744791666666668
2012-05-28,18.232569444444447
2012-05-29,17.552222222222223
2012-05-30,16.347291666666667
2012-05-31,15.304305555555556
2012-06-01,2.484583333333333
2012-06-02,-16.457291666666666
2012-06-03,3.8543749999999997
2012-06-04,2.916527777777778
2012-06-05,6.639930555555555
2012-06-06,10.85527777777778
2012-06-07,20.154652777777777
2012-06-08,20.210138888888892
2012-06-09,14.006111111111112
2012-06-10,14.88951388888889
2012-06-11,4.683055555555556
2012-06-12,-1.9140972222222221
2012-06-13,14.079444444444444
2012-06-14,11.849513888888888
2012-06-15,16.584999999999997
2012-06-16,19.050555555555558
2012-06-17,18.179375
2012-06-18,21.27659722222222
2012-06-19,19.693819444444443
2012-06-20,16.93173611111111
2012-06-21,15.041875000000001
2012-06-22,18.39138888888889
2012-06-23,16.990069444444444
2012-06-24,16.864513888888887
2012-06-25,14.564444444444446
2012-06-26,13.888680555555556
2012-06-27,16.246805555555554
2012-06-28,21.08736111111111
2012-06-29,24.965138888888887
2012-06-30,24.385694444444443
2012-07-01,3.1602777777777775
2012-07-02,-15.359722222222224
2012-07-03,3.030486111111111
2012-07-04,2.6953472222222223
2012-07-05,9.908194444444444
2012-07-06,16.95611111111111
2012-07-07,19.50611111111111
2012-07-08,17.96375
2012-07-09,14.755972222222223
2012-07-10,9.800555555555555
2012-07-11,8.263125
2012-07-12,-4.6161111111111115
2012-07-13,14.20451388888889
2012-07-14,15.835347222222222
2012-07-15,15.97888888888889
2012-07-16,15.40138888888889
2012-07-17,15.761388888888888
2012-07-18,19.08458333333333
2012-07-19,18.72340277777778
2012-07-20,15.579166666666667
2012-07-21,13.81375
2012-07-22,14.443055555555556
2012-07-23,17.388472222222223
2012-07-24,21.399652777777778
2012-07-25,25.170486111111114
2012-07-26,25.243472222222223
2012-07-27,25.729791666666667
2012-07-28,21.652430555555554
2012-07-29,19.01534722222222
2012-07-30,16.633819444444445
2012-07-31,17.548263888888886
2012-08-01,3.217777777777778
2012-08-02,-10.162986111111111
2012-08-03,4.425625
2012-08-04,1.3770833333333334
2012-08-05,14.22111111111111
2012-08-06,19.470208333333332
2012-08-07,19.859722222222224
2012-08-08,18.14986111111111
2012-08-09,19.264444444444443
2012-08-10,8.58951388888889
2012-08-11,7.633472222222222
2012-08-12,-7.811111111111111
2012-08-13,17.660625
2012-08-14,18.46673611111111
2012-08-15,19.760277777777777
2012-08-16,17.392222222222223
2012-08-17,18.387222222222224
2012-08-18,21.958680555555556
2012-08-19,26.16909722222222
2012-08-20,27.565069444444443
2012-08-21,25.385694444444443
2012-08-22,21.886527777777776
2012-08-23,18.611527777777777
2012-08-24,17.889236111111114
2012-08-25,21.023402777777775
2012-08-26,16.892986111111114
2012-08-27,16.689791666666665
2012-08-28,18.637430555555554
2012-08-29,21.540833333333335
2012-08-30,18.828472222222224
2012-08-31,15.68048611111111
2012-09-01,3.4949305555555554
2012-09-02,-9.541180555555556
2012-09-03,3.8893750000000002
2012-09-04,3.8322222222222226
2012-09-05,15.96388888888889
2012-09-06,17.127847222222222
2012-09-07,18.834930555555555
2012-09-08,17.24527777777778
2012-09-09,20.428680555555555
2012-09-10,7.992777777777778
2012-09-11,7.548263888888889
2012-09-12,-3.7139583333333337
2012-09-13,11.650416666666667
2012-09-14,12.801875
2012-09-15,14.108194444444443
2012-09-16,14.354722222222222
2012-09-17,15.565763888888888
2012-09-18,16.521875
2012-09-19,11.62451388888889
2012-09-20,9.768472222222222
2012-09-21,10.863680555555554
2012-09-22,11.898888888888889
2012-09-23,9.504930555555555
2012-09-24,14.748333333333331
2012-09-25,15.183124999999999
2012-09-26,16.012569444444445
2012-09-27,12.888819444444444
2012-09-28,13.4025
2012-09-29,11.708472222222222
2012-09-30,10.257152777777778
2012-10-01,4.632986111111111
2012-10-02,-11.752916666666668
2012-10-03,7.279444444444445
2012-10-04,12.663680555555555
2012-10-05,20.40798611111111
2012-10-06,15.341875
2012-10-07,19.17013888888889
2012-10-08,16.17729166666667
2012-10-09,22.534097222222222
2012-10-10,6.230902777777778
2012-10-11,6.789652777777778
2012-10-12,1.0319444444444443
2012-10-13,9.414305555555556
2012-10-14,9.274722222222222
2012-10-15,8.303194444444445
2012-10-16,8.117638888888889
2012-10-17,10.60125
2012-10-18,13.069513888888888
2012-10-19,15.311805555555557
2012-10-20,14.439583333333335
2012-10-21,12.544930555555556
2012-10-22,8.782777777777778
2012-10-23,9.907847222222223
2012-10-24,7.638680555555556
2012-10-25,9.000972222222222
2012-10-26,3.7424999999999997
2012-10-27,0.155
2012-10-28,0.002291666666666655
2012-10-29,-0.8913888888888888
2012-10-30,2.9744444444444444
2012-10-31,4.555069444444444
2012-11-01,6.013333333333333
2012-11-02,-13.539722222222222
2012-11-03,7.255972222222222
2012-11-04,9.27125
2012-11-05,22.63451388888889
2012-11-06,15.520416666666668
2012-11-07,17.463680555555555
2012-11-08,15.908750000000001
2012-11-09,19.14881944444444
2012-11-10,7.030486111111111
2012-11-11,8.934652777777778
2012-11-12,-3.302222222222222
2012-11-13,2.308125
2012-11-14,0.3611111111111111
2012-11-15,-1.0588194444444445
2012-11-16,1.0781944444444445
2012-11-17,1.0600694444444445
2012-11-18,4.789375
2012-11-19,5.999444444444444
2012-11-20,4.131875
2012-11-21,5.423958333333333
2012-11-22,5.790277777777778
2012-11-23,3.5552083333333333
2012-11-24,7.579027777777778
2012-11-25,9.66173611111111
2012-11-26,6.693819444444444
2012-11-27,7.921458333333334
2012-11-28,5.300416666666667
2012-11-29,1.9125694444444445
2012-11-30,0.5102083333333334
2012-12-01,6.083055555555556
2012-12-02,-11.666180555555556
2012-12-03,8.00423611111111
2012-12-04,7.820555555555556
2012-12-05,10.804097222222222
2012-12-06,15.06263888888889
2012-12-07,14.339374999999999
2012-12-08,15.891458333333333
2012-12-09,12.019513888888888
2012-12-10,7.4506250000000005
2012-12-11,6.708333333333333
2012-12-12,-4.180625
2012-12-13,-3.9213888888888886
2012-12-14,0.3351388888888889
2012-12-15,4.425486111111111
2012-12-16,4.458263888888889
2012-12-17,3.635069444444445
2012-12-18,3.964583333333333
2012-12-19,2.7850694444444444
2012-12-20,1.203125
2012-12-21,-0.6195833333333334
2012-12-22,1.7586805555555556
2012-12-23,6.950833333333333
2012-12-24,8.5975
2012-12-25,10.240138888888888
2012-12-26,7.05625
2012-12-27,7.440347222222223
2012-12-28,1.7162499999999998
2012-12-29,6.4494444444444445
2012-12-30,6.796944444444445
2012-12-31,7.142083333333334
2013-01-01,6.185902777777778
2013-01-02,4.848402777777777
2013-01-03,0.820625
2013-01-04,-0.5989583333333334
2013-01-05,9.760972222222222
2013-01-06,12.585625
2013-01-07,19.090416666666666
2013-01-08,22.484861111111112
2013-01-09,14.133055555555556
2013-01-10,7.559652777777777
2013-01-11,6.3876388888888895
2013-01-12,4.669305555555556
2013-01-13,-4.464444444444444
2013-01-14,-3.518125
2013-01-15,-5.280486111111111
2013-01-16,-4.075069444444444
2013-01-17,-3.4686805555555558
2013-01-18,-4.642847222222222
2013-01-19,-6.9373611111111115
2013-01-20,-6.435138888888889
2013-01-21,-6.50986111111111
2013-01-22,-7.440972222222222
2013-01-23,-7.090416666666666
2013-01-24,-6.1317361111111115
2013-01-25,-7.0311111111111115
2013-01-26,-5.115833333333333
2013-01-27,-0.31361111111111106
2013-01-28,2.7247222222222223
2013-01-29,6.0652083333333335
2013-01-30,10.1525
2013-01-31,6.473125
2013-02-01,4.060277777777777
2013-02-02,1.982222222222222
2013-02-03,0.7036805555555555
2013-02-04,-0.096875
2013-02-05,10.379027777777777
2013-02-06,9.177430555555555
2013-02-07,19.616458333333334
2013-02-08,26.240902777777777
2013-02-09,15.357847222222224
2013-02-10,7.192986111111111
2013-02-11,11.779444444444444
2013-02-12,4.109861111111112
2013-02-13,-2.5820833333333333
2013-02-14,-2.5156944444444442
2013-02-15,-0.47430555555555554
2013-02-16,1.2499305555555555
2013-02-17,0.8014583333333333
2013-02-18,0.2423611111111111
2013-02-19,0.08680555555555555
2013-02-20,-2.015902777777778
2013-02-21,-4.380277777777778
2013-02-22,-5.213472222222222
2013-02-23,-4.598611111111111
2013-02-24,-1.1370138888888888
2013-02-25,0.1471527777777778
2013-02-26,0.052152777777777784
2013-02-27,-0.5847916666666666
2013-02-28,0.28104166666666663
2013-03-01,6.468333333333333
2013-03-02,1.160763888888889
2013-03-03,0.9474305555555556
2013-03-04,-0.6490277777777778
2013-03-05,11.568263888888888
2013-03-06,10.899305555555555
2013-03-07,18.79958333333333
2013-03-08,25.082916666666666
2013-03-09,18.733888888888888
2013-03-10,7.711180555555556
2013-03-11,9.55111111111111
2013-03-12,-0.8923611111111112
2013-03-13,-5.790555555555556
2013-03-14,-6.168402777777778
2013-03-15,-3.956111111111111
2013-03-16,-2.036111111111111
2013-03-17,2.175
2013-03-18,1.0978472222222222
2013-03-19,0.13159722222222223
2013-03-20,0.18791666666666665
2013-03-21,-0.285
2013-03-22,-2.7986805555555554
2013-03-23,-4.826527777777778
2013-03-24,-5.605833333333333
2013-03-25,-3.9620138888888885
2013-03-26,-2.861041666666667
2013-03-27,-2.3775694444444446
2013-03-28,-0.21333333333333335
2013-03-29,0.435
2013-03-30,-0.2222222222222222
2013-03-31,-1.485138888888889
2013-04-01,9.510972222222222
2013-04-02,3.856875
2013-04-03,2.8902083333333333
2013-04-04,-0.14840277777777777
2013-04-05,10.939097222222223
2013-04-06,13.360833333333334
2013-04-07,19.432291666666668
2013-04-08,21.13111111111111
2013-04-09,19.542083333333334
2013-04-10,9.584097222222221
2013-04-11,8.974861111111112
2013-04-12,-0.33125000000000004
2013-04-13,10.097708333333333
2013-04-14,11.748333333333333
2013-04-15,17.177847222222223
2013-04-16,15.726388888888888
2013-04-17,16.845555555555556
2013-04-18,18.15451388888889
2013-04-19,12.217569444444443
2013-04-20,7.898680555555556
2013-04-21,10.870277777777778
2013-04-22,10.917152777777778
2013-04-23,13.069236111111111
2013-04-24,15.550277777777776
2013-04-25,16.658611111111114
2013-04-26,16.009444444444444
2013-04-27,5.841875
2013-04-28,6.585625
2013-04-29,10.248333333333333
2013-04-30,8.291805555555555
2013-05-01,7.437986111111111
2013-05-02,2.8380555555555556
2013-05-03,4.732152777777777
2013-05-04,0.5095833333333333
2013-05-05,14.21263888888889
2013-05-06,14.916111111111112
2013-05-07,19.48326388888889
2013-05-08,22.77284722222222
2013-05-09,20.410486111111112
2013-05-10,11.497430555555557
2013-05-11,6.406180555555555
2013-05-12,2.6133333333333333
2013-05-13,9.032013888888889
2013-05-14,13.424791666666668
2013-05-15,17.258680555555557
2013-05-16,17.472657342657342
2013-05-17,17.486527777777777
2013-05-18,13.322013888888888
2013-05-19,13.726319444444444
2013-05-20,12.741180555555555
2013-05-21,12.39201388888889
2013-05-22,8.957569444444445
2013-05-23,8.794375
2013-05-24,6.901458333333334
2013-05-25,8.575694444444444
2013-05-26,7.678819444444445
2013-05-27,9.128333333333334
2013-05-28,13.493125
2013-05-29,11.639513888888889
2013-05-30,10.137430555555556
2013-05-31,13.223680555555555
2013-06-01,6.394930555555556
2013-06-02,0.1711111111111111
2013-06-03,5.167083333333333
2013-06-04,0.46243055555555557
2013-06-05,15.012708333333332
2013-06-06,15.514999999999999
2013-06-07,19.357986111111114
2013-06-08,22.145625
2013-06-09,21.508125
2013-06-10,11.688958333333334
2013-06-11,7.580069444444444
2013-06-12,1.1906944444444445
2013-06-13,20.720347222222223
2013-06-14,15.107916666666666
2013-06-15,16.636388888888888
2013-06-16,17.25263888888889
2013-06-17,19.746805555555554
2013-06-18,23.799722222222222
2013-06-19,27.295277777777777
2013-06-20,23.842430555555556
2013-06-21,19.355972222222224
2013-06-22,18.83701388888889
2013-06-23,17.891458333333333
2013-06-24,15.444722222222222
2013-06-25,12.247916666666667
2013-06-26,11.395972222222222
2013-06-27,12.425277777777778
2013-06-28,13.621875
2013-06-29,13.645833333333334
2013-06-30,13.315347222222222
2013-07-01,5.317013888888889
2013-07-02,0.20131944444444447
2013-07-03,4.085416666666666
2013-07-04,2.135
2013-07-05,14.606180555555556
2013-07-06,17.918819444444445
2013-07-07,19.05708333333333
2013-07-08,20.395069444444445
2013-07-09,22.217430555555556
2013-07-10,13.574375
2013-07-11,13.542569444444444
2013-07-12,1.4904861111111112
2013-07-13,17.480833333333333
2013-07-14,18.011875
2013-07-15,17.81972222222222
2013-07-16,19.533333333333335
2013-07-17,20.259444444444444
2013-07-18,21.28965277777778
2013-07-19,21.397638888888892
2013-07-20,19.189791666666665
2013-07-21,21.52402777777778
2013-07-22,23.15527777777778
2013-07-23,23.71131944444444
2013-07-24,21.52201388888889
2013-07-25,21.612569444444446
2013-07-26,24.504930555555557
2013-07-27,26.316041666666663
2013-07-28,25.8075
2013-07-29,19.647291666666668
2013-07-30,19.886180555555555
2013-07-31,20.330555555555556
2013-08-01,4.959027777777778
2013-08-02,-1.464236111111111
2013-08-03,3.0034027777777776
2013-08-04,2.747986111111111
2013-08-05,17.21875
2013-08-06,18.621666666666666
2013-08-07,19.470069444444444
2013-08-08,20.658680555555556
2013-08-09,18.153819444444444
2013-08-10,13.238888888888889
2013-08-11,10.791944444444445
2013-08-12,5.270138888888889
2013-08-13,14.362013888888889
2013-08-14,14.745486111111111
2013-08-15,15.791319444444444
2013-08-16,19.000069444444446
2013-08-17,20.76291666666667
2013-08-18,19.28152777777778
2013-08-19,18.165208333333332
2013-08-20,16.06993055555556
2013-08-21,16.602291666666666
2013-08-22,17.538819444444446
2013-08-23,16.05125
2013-08-24,18.947291666666665
2013-08-25,16.660694444444445
2013-08-26,16.515069444444446
2013-08-27,16.230486111111112
2013-08-28,16.28736111111111
2013-08-29,17.123125
2013-08-30,17.988541666666666
2013-08-31,17.80784722222222
2013-09-01,5.482083333333333
2013-09-02,-3.003611111111111
2013-09-03,1.0115972222222223
2013-09-04,6.305416666666667
2013-09-05,15.892986111111112
2013-09-06,15.450555555555557
2013-09-07,20.442430555555557
2013-09-08,16.905694444444446
2013-09-09,12.927013888888888
2013-09-10,13.508472222222222
2013-09-11,9.18888888888889
2013-09-12,7.864722222222222
2013-09-13,13.398055555555555
2013-09-14,13.676180555555554
2013-09-15,14.072152777777779
2013-09-16,12.614652777777778
2013-09-17,9.674513888888889
2013-09-18,10.43201388888889
2013-09-19,11.04263888888889
2013-09-20,12.311666666666667
2013-09-21,12.756388888888889
2013-09-22,12.99451388888889
2013-09-23,15.472986111111112
2013-09-24,15.267986111111112
2013-09-25,14.503819444444446
2013-09-26,12.592569444444443
2013-09-27,7.924027777777777
2013-09-28,8.099166666666667
2013-09-29,10.038541666666667
2013-09-30,9.043888888888889
2013-10-01,3.0262499999999997
2013-10-02,-3.029027777777778
2013-10-03,1.1818055555555556
2013-10-04,6.412569444444444
2013-10-05,14.987708333333334
2013-10-06,13.933541666666667
2013-10-07,18.982430555555553
2013-10-08,18.571319444444445
2013-10-09,12.655
2013-10-10,8.464097222222222
2013-10-11,5.783333333333333
2013-10-12,7.372291666666666
2013-10-13,6.783541666666667
2013-10-14,7.784513888888889
2013-10-15,10.18986111111111
2013-10-16,8.92013888888889
2013-10-17,10.674652777777778
2013-10-18,10.342916666666667
2013-10-19,9.930972222222222
2013-10-20,15.189305555555556
2013-10-21,15.375416666666666
2013-10-22,15.679930555555554
2013-10-23,16.309652777777778
2013-10-24,13.98388888888889
2013-10-25,11.583125
2013-10-26,17.62965277777778
2013-10-27,15.162430555555554
2013-10-28,15.916805555555555
2013-10-29,11.87090277777778
2013-10-30,8.205694444444443
2013-10-31,4.53701388888889
2013-11-01,-1.6472916666666668
2013-11-02,-4.511527777777777
2013-11-03,-5.2683333333333335
2013-11-04,10.711041666666667
2013-11-05,12.270277777777778
2013-11-06,15.573958333333334
2013-11-07,15.992916666666666
2013-11-08,16.521458333333335
2013-11-09,11.415
2013-11-10,6.748125
2013-11-11,5.008125
2013-11-12,3.5384722222222225
2013-11-13,5.093263888888888
2013-11-14,0.8242361111111111
2013-11-15,1.6613194444444443
2013-11-16,2.761458333333333
2013-11-17,0.4272916666666667
2013-11-18,4.391527777777778
2013-11-19,5.235972222222222
2013-11-20,2.5654861111111114
2013-11-21,1.8001388888888887
2013-11-22,2.4659722222222222
2013-11-23,4.134930555555555
2013-11-24,2.720416666666667
2013-11-25,-0.19520833333333332
2013-11-26,-0.8343055555555555
2013-11-27,-1.9458333333333333
2013-11-28,3.260902777777778
2013-11-29,4.219722222222222
2013-11-30,3.836527777777778
2013-12-01,-3.034861111111111
2013-12-02,-2.529166666666667
2013-12-03,-5.406944444444445
2013-12-04,10.480208333333334
2013-12-05,9.555069444444445
2013-12-06,18.59027777777778
2013-12-07,17.558055555555555
2013-12-08,16.49284722222222
2013-12-09,11.486666666666666
2013-12-10,5.281736111111112
2013-12-11,2.4278472222222223
2013-12-12,0.8324305555555556
2013-12-13,0.005972222222222238
2013-12-14,0.13555555555555554
2013-12-15,3.0999305555555554
2013-12-16,5.5438888888888895
2013-12-17,4.575833333333333
2013-12-18,2.2675694444444447
2013-12-19,5.2501388888888885
2013-12-20,4.667291666666667
2013-12-21,3.278402777777778
2013-12-22,9.184305555555556
2013-12-23,7.179236111111111
2013-12-24,9.690486111111111
2013-12-25,7.506458333333334
2013-12-26,5.292916666666667
2013-12-27,5.844166666666666
2013-12-28,8.231875
2013-12-29,5.18375
2013-12-30,1.1174305555555555
2013-12-31,2.133472222222222
2014-01-01,2.0949305555555555
2014-01-02,3.6686805555555555
2014-01-03,4.785972222222222
2014-01-04,11.465625
2014-01-05,12.317083333333334
2014-01-06,13.207847222222222
2014-01-07,15.259444444444446
2014-01-08,20.221944444444446
2014-01-09,14.571666666666667
2014-01-10,16.395
2014-01-11,12.645555555555555
2014-01-12,-1.2816666666666667
2014-01-13,0.8015972222222222
2014-01-14,2.432986111111111
2014-01-15,2.742013888888889
2014-01-16,4.127430555555556
2014-01-17,5.880347222222222
2014-01-18,3.501666666666667
2014-01-19,1.7991666666666666
2014-01-20,-0.7147222222222223
2014-01-21,-1.2588194444444445
2014-01-22,-1.5715277777777779
2014-01-23,-2.831736111111111
2014-01-24,-3.149652777777778
2014-01-25,-7.645555555555556
2014-01-26,-7.563750000000001
2014-01-27,1.160277777777778
2014-01-28,-0.008680555555555547
2014-01-29,-3.555833333333333
2014-01-30,-1.0415972222222223
2014-01-31,-0.953888888888889
2014-02-01,4.979722222222223
2014-02-02,2.5652777777777778
2014-02-03,4.046458333333334
2014-02-04,13.983055555555556
2014-02-05,7.056597222222222
2014-02-06,14.15611111111111
2014-02-07,16.059097222222224
2014-02-08,22.407777777777778
2014-02-09,14.713194444444444
2014-02-10,15.05777777777778
2014-02-11,11.173541666666667
2014-02-12,-2.365902777777778
2014-02-13,5.419652777777777
2014-02-14,5.112500000000001
2014-02-15,8.831041666666668
2014-02-16,6.254583333333333
2014-02-17,4.399236111111112
2014-02-18,3.0028472222222224
2014-02-19,6.373958333333333
2014-02-20,5.945694444444444
2014-02-21,6.204722222222222
2014-02-22,4.392986111111111
2014-02-23,4.634722222222222
2014-02-24,5.723888888888889
2014-02-25,6.696944444444444
2014-02-26,7.354930555555555
2014-02-27,6.898958333333334
2014-02-28,4.649236111111112
2014-03-01,6.359861111111111
2014-03-02,0.5678472222222222
2014-03-03,4.2931944444444445
2014-03-04,14.484097222222223
2014-03-05,6.762291666666666
2014-03-06,15.356111111111112
2014-03-07,19.200555555555557
2014-03-08,19.597152777777776
2014-03-09,14.016041666666666
2014-03-10,13.395138888888889
2014-03-11,13.650416666666667
2014-03-12,-2.9313194444444446
2014-03-13,7.8381944444444445
2014-03-14,7.7875000000000005
2014-03-15,8.093680555555556
2014-03-16,9.629513888888889
2014-03-17,10.110972222222223
2014-03-18,9.953958333333334
2014-03-19,10.118333333333332
2014-03-20,15.138378378378377
2014-03-21,15.616827309236948
2014-03-22,9.059861111111111
2014-03-23,6.136736111111111
2014-03-24,4.4220138888888885
2014-03-25,2.9585416666666666
2014-03-26,4.0825
2014-03-27,8.044444444444444
2014-03-28,5.554444444444445
2014-03-29,9.128194444444444
2014-03-30,10.332291666666666
2014-03-31,10.508125
2014-04-01,7.033125
2014-04-02,1.7369444444444444
2014-04-03,5.268888888888889
2014-04-04,12.796041666666667
2014-04-05,6.554930555555555
2014-04-06,16.68277777777778
2014-04-07,23.470069444444444
2014-04-08,19.00486111111111
2014-04-09,14.618819444444446
2014-04-10,12.069097222222222
2014-04-11,10.655694444444444
2014-04-12,-0.9594444444444444
2014-04-13,11.802847222222221
2014-04-14,7.1933333333333325
2014-04-15,4.9625
2014-04-16,6.043958333333333
2014-04-17,7.0782638888888885
2014-04-18,5.851944444444444
2014-04-19,7.388819444444445
2014-04-20,13.472708333333333
2014-04-21,10.942152777777778
2014-04-22,13.514166666666666
2014-04-23,13.894513888888888
2014-04-24,13.074722222222222
2014-04-25,15.11111111111111
2014-04-26,15.226736111111112
2014-04-27,12.846875
2014-04-28,13.067152777777778
2014-04-29,13.737708333333334
2014-04-30,14.163680555555555
2014-05-01,5.798402777777778
2014-05-02,1.3602083333333335
2014-05-03,3.5837499999999998
2014-05-04,11.318680555555556
2014-05-05,9.39486111111111
2014-05-06,15.139791666666667
2014-05-07,22.637569444444445
2014-05-08,16.975
2014-05-09,18.192777777777778
2014-05-10,11.614583333333334
2014-05-11,8.897430555555555
2014-05-12,1.4247222222222222
2014-05-13,9.717430555555556
2014-05-14,8.599791666666667
2014-05-15,9.227986111111111
2014-05-16,11.943680555555556
2014-05-17,12.725347222222222
2014-05-18,10.90986111111111
2014-05-19,15.599722222222223
2014-05-20,19.063125
2014-05-21,21.059930555555557
2014-05-22,22.68277777777778
2014-05-23,16.95590277777778
2014-05-24,15.184166666666666
2014-05-25,15.804861111111112
2014-05-26,18.469652777777778
2014-05-27,15.84076388888889
2014-05-28,11.102222222222222
2014-05-29,8.33875
2014-05-30,11.57875
2014-05-31,13.663958333333333
2014-06-01,5.6286805555555555
2014-06-02,5.613402777777778
2014-06-03,5.130833333333333
2014-06-04,13.262777777777778
2014-06-05,13.991875
2014-06-06,17.668263888888887
2014-06-07,24.307361111111113
2014-06-08,17.666041666666665
2014-06-09,19.677708333333335
2014-06-10,11.441875000000001
2014-06-11,7.8535416666666675
2014-06-12,2.589861111111111
2014-06-13,16.556527777777777
2014-06-14,13.842152777777777
2014-06-15,14.485624999999999
2014-06-16,14.219930555555557
2014-06-17,15.392916666666666
2014-06-18,16.943125
2014-06-19,14.070902777777778
2014-06-20,13.61625
2014-06-21,14.129930555555555
2014-06-22,15.265694444444446
2014-06-23,14.799513888888889
2014-06-24,15.026111111111113
2014-06-25,12.145833333333334
2014-06-26,13.570208333333333
2014-06-27,17.02173611111111
2014-06-28,17.999583333333334
2014-06-29,15.797708333333333
2014-06-30,14.684444444444445
2014-07-01,9.7525
2014-07-02,8.842916666666667
2014-07-03,4.11125
2014-07-04,14.995347222222222
2014-07-05,14.571666666666667
2014-07-06,21.892152777777778
2014-07-07,21.313333333333333
2014-07-08,18.232222222222223
2014-07-09,17.754097222222224
2014-07-10,13.575555555555555
2014-07-11,4.425486111111111
2014-07-12,2.91125
2014-07-13,15.80875
2014-07-14,20.401666666666667
2014-07-15,21.043958333333332
2014-07-16,20.928541666666668
2014-07-17,22.575763888888886
2014-07-18,23.163888888888888
2014-07-19,25.626527777777778
2014-07-20,26.012291666666666
2014-07-21,21.226388888888888
2014-07-22,22.79409722222222
2014-07-23,22.563402777777778
2014-07-24,18.870694444444446
2014-07-25,18.199791666666666
2014-07-26,19.393958333333334
2014-07-27,19.742291666666667
2014-07-28,21.098541666666666
2014-07-29,20.818472222222223
2014-07-30,19.27853146853147
2014-07-31,19.961736111111108
2014-08-01,9.757291666666667
2014-08-02,5.901875
2014-08-03,5.612500000000001
2014-08-04,12.89236111111111
2014-08-05,12.981805555555557
2014-08-06,25.573888888888888
2014-08-07,17.863680555555554
2014-08-08,20.037430555555556
2014-08-09,18.16638888888889
2014-08-10,15.123541666666666
2014-08-11,7.892291666666667
2014-08-12,1.9921527777777779
2014-08-13,15.890277777777776
2014-08-14,16.253055555555555
2014-08-15,14.369236111111112
2014-08-16,14.710625
2014-08-17,16.07270833333333
2014-08-18,14.925902777777777
2014-08-19,14.12909722222222
2014-08-20,13.586527777777778
2014-08-21,13.424722222222222
2014-08-22,13.566458333333333
2014-08-23,12.65673611111111
2014-08-24,12.536319444444445
2014-08-25,13.542430555555557
2014-08-26,12.487013888888889
2014-08-27,14.815624999999999
2014-08-28,15.334583333333333
2014-08-29,17.32541666666667
2014-08-30,17.222569444444446
2014-08-31,14.890972222222224
2014-09-01,8.614236111111111
2014-09-02,5.454444444444444
2014-09-03,7.340277777777778
2014-09-04,8.272569444444445
2014-09-05,14.184791666666666
2014-09-06,24.529722222222222
2014-09-07,14.546041666666667
2014-09-08,21.217430555555556
2014-09-09,15.574097222222223
2014-09-10,19.51888888888889
2014-09-11,4.009513888888889
2014-09-12,-1.5320833333333335
2014-09-13,15.059930555555557
2014-09-14,15.014097222222224
2014-09-15,17.170416666666668
2014-09-16,18.36409722222222
2014-09-17,17.040000000000003
2014-09-18,16.29784722222222
2014-09-19,18.01965277777778
2014-09-20,16.03826388888889
2014-09-21,13.979722222222222
2014-09-22,10.540486111111111
2014-09-23,11.062430555555556
2014-09-24,8.978349514563106
2014-09-25,14.028222222222222
2014-09-26,13.611180555555556
2014-09-27,15.080208333333335
2014-09-28,13.464513888888888
2014-09-29,17.005347222222223
2014-09-30,17.17111111111111
2014-10-01,5.460277777777778
2014-10-02,3.815
2014-10-03,8.049861111111111
2014-10-04,9.091805555555556
2014-10-05,11.437777777777777
2014-10-06,24.811180555555556
2014-10-07,15.965902777777778
2014-10-08,20.72715277777778
2014-10-09,13.927847222222221
2014-10-10,15.687083333333334
2014-10-11,5.668333333333333
2014-10-12,1.6184027777777779
2014-10-13,15.405416666666667
2014-10-14,14.87673611111111
2014-10-15,13.457430555555556
2014-10-16,12.890833333333333
2014-10-17,12.957777777777778
2014-10-18,12.139861111111111
2014-10-19,15.941458333333335
2014-10-20,14.622499999999999
2014-10-21,10.635208333333333
2014-10-22,7.245
2014-10-23,8.839374999999999
2014-10-24,9.28548611111111
2014-10-25,8.412708333333335
2014-10-26,10.805833333333332
2014-10-27,8.883125
2014-10-28,6.010138888888889
2014-10-29,5.290277777777778
2014-10-30,7.793125
2014-10-31,12.04673611111111
2014-11-01,3.3402777777777777
2014-11-02,4.809027777777778
2014-11-03,6.143958333333334
2014-11-04,10.208333333333334
2014-11-05,10.858194444444443
2014-11-06,21.355555555555554
2014-11-07,17.479583333333334
2014-11-08,19.01861111111111
2014-11-09,13.025694444444445
2014-11-10,14.288194444444445
2014-11-11,5.961805555555555
2014-11-12,3.4269444444444446
2014-11-13,7.968055555555556
2014-11-14,9.823055555555555
2014-11-15,8.602430555555555
2014-11-16,7.387638888888889
2014-11-17,6.184236111111111
2014-11-18,6.940833333333334
2014-11-19,4.410833333333333
2014-11-20,4.562291666666667
2014-11-21,4.801666666666667
2014-11-22,4.527083333333334
2014-11-23,6.009652777777777
2014-11-24,6.6054861111111105
2014-11-25,0.88
2014-11-26,0.5603472222222222
2014-11-27,1.9365972222222223
2014-11-28,1.8046527777777779
2014-11-29,1.7109027777777779
2014-11-30,1.4647916666666667
2014-12-01,2.4825694444444446
2014-12-02,3.489027777777778
2014-12-03,5.629791666666667
2014-12-04,11.528055555555556
2014-12-05,11.030694444444444
2014-12-06,18.75347222222222
2014-12-07,16.84951388888889
2014-12-08,17.38215277777778
2014-12-09,13.795347222222222
2014-12-10,13.538541666666667
2014-12-11,5.534375000000001
2014-12-12,6.987986111111111
2014-12-13,4.459791666666667
2014-12-14,1.989236111111111
2014-12-15,4.938472222222222
2014-12-16,5.101597222222222
2014-12-17,2.8715277777777777
2014-12-18,9.267152777777778
2014-12-19,10.104861111111111
2014-12-20,4.838680555555555
2014-12-21,5.003819444444444
2014-12-22,8.144930555555554
2014-12-23,10.172569444444443
2014-12-24,7.4129861111111115
2014-12-25,3.808333333333333
2014-12-26,0.25666666666666665
2014-12-27,-3.220902777777778
2014-12-28,-5.687013888888888
2014-12-29,-2.395138888888889
2014-12-30,-1.6730555555555555
2014-12-31,1.8653472222222223
2015-01-01,2.7152777777777777
2015-01-02,-1.0041666666666667
2015-01-03,4.378819444444444
2015-01-04,2.676736111111111
2015-01-05,9.320069444444444
2015-01-06,13.324652777777779
2015-01-07,22.116458333333334
2015-01-08,18.174999999999997
2015-01-09,20.71798611111111
2015-01-10,8.910138888888888
2015-01-11,9.43326388888889
2015-01-12,7.495208333333333
2015-01-13,9.465625
2015-01-14,5.589305555555556
2015-01-15,4.796111111111111
2015-01-16,6.479236111111111
2015-01-17,2.6473611111111115
2015-01-18,-0.6072222222222222
2015-01-19,-0.8286111111111112
2015-01-20,0.2995833333333333
2015-01-21,-0.7310416666666666
2015-01-22,-1.1435416666666667
2015-01-23,-1.6575
2015-01-24,-0.7714583333333334
2015-01-25,1.1153472222222223
2015-01-26,1.1054166666666667
2015-01-27,2.3116666666666665
2015-01-28,2.6708333333333334
2015-01-29,1.5251388888888888
2015-01-30,1.1038194444444445
2015-01-31,0.07326388888888889
2015-02-01,3.5831944444444446
2015-02-02,0.6075694444444444
2015-02-03,5.311527777777778
2015-02-04,2.2886805555555556
2015-02-05,9.809722222222222
2015-02-06,17.196111111111108
2015-02-07,25.189930555555556
2015-02-08,21.208333333333332
2015-02-09,15.523125
2015-02-10,8.971458333333334
2015-02-11,5.741458333333333
2015-02-12,9.008194444444445
2015-02-13,0.7266666666666667
2015-02-14,1.1474305555555555
2015-02-15,-0.6547222222222222
2015-02-16,2.62
2015-02-17,-0.33347222222222217
2015-02-18,1.5708333333333333
2015-02-19,-0.010069444444444424
2015-02-20,3.231875
2015-02-21,4.450625
2015-02-22,0.6690277777777778
2015-02-23,1.3353472222222222
2015-02-24,3.6084722222222223
2015-02-25,2.618125
2015-02-26,2.1100694444444446
2015-02-27,3.4963194444444445
2015-02-28,2.809375
2015-03-01,2.4877777777777776
2015-03-02,0.3053472222222222
2015-03-03,4.426388888888889
2015-03-04,3.9663888888888885
2015-03-05,11.326180555555556
2015-03-06,19.835138888888892
2015-03-07,27.321944444444444
2015-03-08,23.503680555555558
2015-03-09,13.31298611111111
2015-03-10,12.447986111111112
2015-03-11,4.164305555555555
2015-03-12,3.637916666666667
2015-03-13,0.8137500000000001
2015-03-14,1.9079166666666667
2015-03-15,3.6813194444444446
2015-03-16,6.575208333333333
2015-03-17,9.000555555555556
2015-03-18,9.161458333333334
2015-03-19,6.294791666666667
2015-03-20,4.469791666666667
2015-03-21,2.583125
2015-03-22,0.13541666666666666
2015-03-23,3.6269444444444443
2015-03-24,4.675694444444444
2015-03-25,8.970208333333334
2015-03-26,7.027152777777777
2015-03-27,6.572916666666667
2015-03-28,7.616458333333333
2015-03-29,9.7025
2015-03-30,5.855208333333334
2015-03-31,6.5559722222222225
2015-04-01,2.55
2015-04-02,-1.7780555555555557
2015-04-03,2.997638888888889
2015-04-04,2.314583333333333
2015-04-05,17.069444444444443
2015-04-06,17.00847222222222
2015-04-07,29.375347222222224
2015-04-08,23.74256944444444
2015-04-09,12.941666666666666
2015-04-10,12.791666666666666
2015-04-11,7.116041666666667
2015-04-12,5.492152777777778
2015-04-13,9.8525
2015-04-14,9.737638888888888
2015-04-15,17.648680555555554
2015-04-16,12.321180555555555
2015-04-17,7.368125
2015-04-18,6.057708333333333
2015-04-19,7.116180555555555
2015-04-20,10.194236111111111
2015-04-21,13.159166666666668
2015-04-22,6.779791666666666
2015-04-23,8.542291666666666
2015-04-24,12.417361111111111
2015-04-25,13.44951388888889
2015-04-26,13.891527777777778
2015-04-27,10.435347222222223
2015-04-28,7.003263888888889
2015-04-29,8.252638888888889
2015-04-30,9.699791666666666
2015-05-01,2.035486111111111
2015-05-02,-2.422638888888889
2015-05-03,3.6309722222222223
2015-05-04,3.6752083333333334
2015-05-05,19.106944444444444
2015-05-06,22.268055555555556
2015-05-07,28.173125
2015-05-08,20.47145833333333
2015-05-09,12.640694444444444
2015-05-10,14.234791666666666
2015-05-11,10.553194444444445
2015-05-12,5.41
2015-05-13,14.609930555555556
2015-05-14,11.632777777777777
2015-05-15,11.845208333333334
2015-05-16,12.037569444444445
2015-05-17,12.041458333333333
2015-05-18,14.945
2015-05-19,14.709097222222223
2015-05-20,10.831666666666667
2015-05-21,11.005277777777778
2015-05-22,11.971736111111111
2015-05-23,13.534791666666667
2015-05-24,14.755347222222222
2015-05-25,13.810416666666667
2015-05-26,10.76923611111111
2015-05-27,10.498819444444443
2015-05-28,12.996736111111112
2015-05-29,14.51090277777778
2015-05-30,11.837152777777778
2015-05-31,13.992569444444445
2015-06-01,0.3821527777777778
2015-06-02,-2.9829861111111113
2015-06-03,4.866458333333333
2015-06-04,4.575972222222223
2015-06-05,15.305277777777778
2015-06-06,24.008055555555554
2015-06-07,21.681458333333335
2015-06-08,25.323680555555555
2015-06-09,11.425416666666667
2015-06-10,14.273680555555554
2015-06-11,11.753263888888888
2015-06-12,8.231319444444445
2015-06-13,21.37236111111111
2015-06-14,19.32270833333333
2015-06-15,14.622361111111111
2015-06-16,13.149375
2015-06-17,14.545
2015-06-18,14.984166666666665
2015-06-19,11.730833333333333
2015-06-20,12.014583333333333
2015-06-21,12.943611111111112
2015-06-22,13.759652777777779
2015-06-23,10.795763888888889
2015-06-24,13.320208333333333
2015-06-25,16.556805555555556
2015-06-26,18.325763888888886
2015-06-27,17.352291666666666
2015-06-28,17.51
2015-06-29,20.555486111111108
2015-06-30,20.661388888888887
2015-07-01,1.9077083333333331
2015-07-02,-1.6388194444444446
2015-07-03,5.343680555555555
2015-07-04,6.066944444444444
2015-07-05,12.564305555555556
2015-07-06,16.99451388888889
2015-07-07,23.617361111111112
2015-07-08,27.253055555555555
2015-07-09,12.194444444444445
2015-07-10,14.756527777777778
2015-07-11,15.643541666666668
2015-07-12,9.844791666666667
2015-07-13,16.43576388888889
2015-07-14,18.641805555555557
2015-07-15,20.811875
2015-07-16,22.52576388888889
2015-07-17,25.01263888888889
2015-07-18,24.49534722222222
2015-07-19,21.133750000000003
2015-07-20,20.437013888888888
2015-07-21,24.810208333333335
2015-07-22,25.28451388888889
2015-07-23,20.645694444444445
2015-07-24,21.762291666666666
2015-07-25,19.797430555555554
2015-07-26,16.63041666666667
2015-07-27,16.29222222222222
2015-07-28,16.821458333333332
2015-07-29,14.894583333333335
2015-07-30,14.719027777777777
2015-07-31,15.325347222222222
2015-08-01,4.316944444444444
2015-08-02,0.5988888888888888
2015-08-03,9.023055555555555
2015-08-04,8.68736111111111
2015-08-05,13.632916666666667
2015-08-06,13.83125
2015-08-07,18.587708333333335
2015-08-08,24.84673611111111
2015-08-09,12.776319444444445
2015-08-10,13.782013888888889
2015-08-11,14.469652777777778
2015-08-12,4.328680555555556
2015-08-13,23.996597222222224
2015-08-14,24.831527777777776
2015-08-15,21.776319444444443
2015-08-16,18.988055555555558
2015-08-17,16.67652777777778
2015-08-18,14.945694444444444
2015-08-19,15.944027777777778
2015-08-20,15.307569444444445
2015-08-21,16.855138888888888
2015-08-22,17.625416666666666
2015-08-23,18.42826388888889
2015-08-24,20.19736111111111
2015-08-25,15.972569444444446
2015-08-26,19.109305555555554
2015-08-27,22.52104166666667
2015-08-28,16.831458333333334
2015-08-29,18.999166666666667
2015-08-30,23.88951388888889
2015-08-31,25.393680555555555
2015-09-01,7.184930555555557
2015-09-02,2.8633333333333333
2015-09-03,5.448263888888889
2015-09-04,11.120555555555555
2015-09-05,15.047361111111112
2015-09-06,12.968194444444444
2015-09-07,14.65263888888889
2015-09-08,22.52298611111111
2015-09-09,13.058958333333333
2015-09-10,12.056666666666667
2015-09-11,15.162013888888888
2015-09-12,4.44
2015-09-13,19.840833333333332
2015-09-14,16.011944444444442
2015-09-15,14.621875000000001
2015-09-16,16.22763888888889
2015-09-17,17.186666666666667
2015-09-18,14.988055555555556
2015-09-19,13.274722222222222
2015-09-20,12.726666666666667
2015-09-21,13.604375
2015-09-22,12.615763888888889
2015-09-23,11.90423611111111
2015-09-24,12.395833333333334
2015-09-25,11.406041666666667
2015-09-26,11.964027777777778
2015-09-27,11.059583333333332
2015-09-28,9.921041666666667
2015-09-29,10.461875
2015-09-30,9.81298611111111
2015-10-01,11.282083333333333
2015-10-02,3.9754861111111115
2015-10-03,4.545972222222222
2015-10-04,12.665138888888889
2015-10-05,13.784930555555555
2015-10-06,15.324652777777779
2015-10-07,14.517013888888888
2015-10-08,25.659930555555558
2015-10-09,11.123402777777777
2015-10-10,6.940625000000001
2015-10-11,15.093194444444444
2015-10-12,0.9384722222222222
2015-10-13,2.0697222222222225
2015-10-14,0.7648611111111111
2015-10-15,3.5861805555555555
2015-10-16,6.14125
2015-10-17,6.643055555555556
2015-10-18,6.602569444444445
2015-10-19,5.760416666666667
2015-10-20,7.567847222222222
2015-10-21,7.923402777777778
2015-10-22,8.025902777777778
2015-10-23,9.92048611111111
2015-10-24,6.086041666666667
2015-10-25,9.87701388888889
2015-10-26,9.963194444444445
2015-10-27,7.650972222222222
2015-10-28,6.367638888888889
2015-10-29,6.899583333333333
2015-10-30,9.29326388888889
2015-10-31,8.488680555555554
2015-11-01,3.046597222222222
2015-11-02,2.887361111111111
2015-11-03,4.497847222222223
2015-11-04,12.562152777777778
2015-11-05,15.616180555555555
2015-11-06,16.636736111111112
2015-11-07,18.223680555555557
2015-11-08,24.649652777777778
2015-11-09,11.739513888888888
2015-11-10,4.037083333333333
2015-11-11,13.459166666666667
2015-11-12,3.3758333333333335
2015-11-13,10.682986111111111
2015-11-14,6.674652777777777
2015-11-15,10.446041666666666
2015-11-16,10.854861111111111
2015-11-17,12.189930555555556
2015-11-18,13.269305555555555
2015-11-19,11.310416666666667
2015-11-20,6.945416666666667
2015-11-21,3.553611111111111
2015-11-22,0.8396527777777778
2015-11-23,0.27805555555555556
2015-11-24,0.33340277777777777
2015-11-25,2.1616666666666666
2015-11-26,3.0005555555555556
2015-11-27,-0.7331944444444445
2015-11-28,0.5976388888888889
2015-11-29,5.917708333333334
2015-11-30,7.654444444444445
2015-12-01,5.464583333333334
2015-12-02,-1.0695833333333333
2015-12-03,2.7815972222222225
2015-12-04,11.050347222222221
2015-12-05,19.195138888888888
2015-12-06,20.760347222222222
2015-12-07,18.234166666666667
2015-12-08,23.07513888888889
2015-12-09,15.672708333333333
2015-12-10,2.4420833333333336
2015-12-11,11.727916666666665
2015-12-12,5.555138888888889
2015-12-13,6.543333333333333
2015-12-14,3.2411805555555557
2015-12-15,5.2373611111111105
2015-12-16,6.036875
2015-12-17,10.339444444444446
2015-12-18,10.152083333333334
2015-12-19,7.201944444444444
2015-12-20,8.88638888888889
2015-12-21,9.001111111111111
2015-12-22,10.927152777777778
2015-12-23,9.256875
2015-12-24,6.919375
2015-12-25,10.32576388888889
2015-12-26,12.099513888888888
2015-12-27,9.108472222222222
2015-12-28,5.8318055555555555
2015-12-29,3.4319444444444445
2015-12-30,1.9715277777777775
2015-12-31,0.7229861111111111
2016-01-01,0.2492361111111111
2016-01-02,10.475555555555555
2016-01-03,0.11701388888888888
2016-01-04,3.5102083333333334
2016-01-05,10.816458333333333
2016-01-06,17.262500000000003
2016-01-07,21.241319444444443
2016-01-08,17.215625000000003
2016-01-09,19.43861111111111
2016-01-10,13.099652777777777
2016-01-11,7.841041666666666
2016-01-12,4.989861111111111
2016-01-13,3.172152777777778
2016-01-14,1.9929861111111111
2016-01-15,0.9261805555555556
2016-01-16,-0.5295833333333334
2016-01-17,-2.162777777777778
2016-01-18,-4.84951388888889
2016-01-19,-7.853055555555555
2016-01-20,-2.57875
2016-01-21,-3.566111111111111
2016-01-22,-7.666111111111111
2016-01-23,1.5375
2016-01-24,3.1239583333333334
2016-01-25,6.126041666666667
2016-01-26,8.15861111111111
2016-01-27,10.707708333333334
2016-01-28,7.700833333333334
2016-01-29,4.322152777777777
2016-01-30,6.728263888888889
2016-01-31,3.198958333333333
2016-02-01,-0.975486111111111
2016-02-02,10.214722222222223
2016-02-03,3.8499999999999996
2016-02-04,8.202916666666667
2016-02-05,11.291458333333333
2016-02-06,15.891458333333333
2016-02-07,17.016041666666666
2016-02-08,15.450972222222223
2016-02-09,19.555555555555557
2016-02-10,13.23986111111111
2016-02-11,6.491944444444445
2016-02-12,3.4819444444444443
2016-02-13,0.47951388888888885
2016-02-14,5.261180555555556
2016-02-15,3.267708333333333
2016-02-16,-1.316736111111111
2016-02-17,-1.00625
2016-02-18,2.237013888888889
2016-02-19,0.5602083333333333
2016-02-20,3.3579861111111113
2016-02-21,10.424722222222222
2016-02-22,9.083680555555555
2016-02-23,1.7666666666666666
2016-02-24,1.6258333333333335
2016-02-25,-0.8620138888888889
2016-02-26,0.21847222222222223
2016-02-27,0.20555555555555555
2016-02-28,-0.1345138888888889
2016-02-29,-0.3350694444444444
2016-03-01,-1.5780555555555555
2016-03-02,3.9370138888888886
2016-03-03,2.651319444444445
2016-03-04,13.248472222222222
2016-03-05,9.757083333333334
2016-03-06,16.449166666666667
2016-03-07,13.943750000000001
2016-03-08,18.195416666666667
2016-03-09,20.57409722222222
2016-03-10,10.73236111111111
2016-03-11,4.27
2016-03-12,-2.395138888888889
2016-03-13,0.8038194444444444
2016-03-14,1.634861111111111
2016-03-15,1.9581250000000001
2016-03-16,3.7828472222222222
2016-03-17,4.668263888888889
2016-03-18,4.5975
2016-03-19,4.279930555555556
2016-03-20,4.739722222222222
2016-03-21,5.746944444444444
2016-03-22,5.208819444444445
2016-03-23,5.003888888888889
2016-03-24,5.667847222222222
2016-03-25,5.835208333333333
2016-03-26,7.579930555555555
2016-03-27,7.740555555555556
2016-03-28,8.24986111111111
2016-03-29,7.652152777777778
2016-03-30,7.641388888888888
2016-03-31,6.132083333333333
2016-04-01,-2.0811111111111114
2016-04-02,2.625138888888889
2016-04-03,2.633611111111111
2016-04-04,14.624930555555554
2016-04-05,8.669930555555556
2016-04-06,18.398611111111112
2016-04-07,15.868888888888888
2016-04-08,19.76736111111111
2016-04-09,17.672013888888888
2016-04-10,10.834513888888889
2016-04-11,4.451319444444445
2016-04-12,-4.093125
2016-04-13,10.188125
2016-04-14,9.961944444444445
2016-04-15,8.947916666666666
2016-04-16,11.216319444444444
2016-04-17,7.767083333333334
2016-04-18,7.171041666666667
2016-04-19,8.260972222222222
2016-04-20,7.589097222222222
2016-04-21,9.37125
2016-04-22,8.832569444444445
2016-04-23,4.913819444444445
2016-04-24,3.4403472222222224
2016-04-25,4.016597222222222
2016-04-26,4.157916666666667
2016-04-27,4.107569444444445
2016-04-28,5.297638888888889
2016-04-29,6.9998611111111115
2016-04-30,10.087916666666667
2016-05-01,-1.7613194444444444
2016-05-02,3.872916666666667
2016-05-03,5.455625
2016-05-04,13.988402777777777
2016-05-05,12.813333333333333
2016-05-06,19.661875
2016-05-07,19.41923611111111
2016-05-08,17.19097222222222
2016-05-09,15.964374999999999
2016-05-10,7.198541666666666
2016-05-11,6.606597222222223
2016-05-12,-3.833819444444445
2016-05-13,15.602708333333332
2016-05-14,9.708333333333334
2016-05-15,6.979652777777778
2016-05-16,8.222708333333333
2016-05-17,9.875277777777777
2016-05-18,13.45076388888889
2016-05-19,13.01798611111111
2016-05-20,15.22763888888889
2016-05-21,17.660347222222224
2016-05-22,20.978541666666665
2016-05-23,14.89777777777778
2016-05-24,11.667291666666666
2016-05-25,12.659166666666668
2016-05-26,15.305416666666666
2016-05-27,13.962916666666667
2016-05-28,17.54611111111111
2016-05-29,18.778333333333332
2016-05-30,18.089305555555555
2016-05-31,17.753680555555558
2016-06-01,-4.460138888888888
2016-06-02,7.394583333333333
2016-06-03,3.5513194444444443
2016-06-04,11.621736111111112
2016-06-05,16.503541666666667
2016-06-06,19.45784722222222
2016-06-07,15.706805555555556
2016-06-08,17.733194444444443
2016-06-09,17.27576388888889
2016-06-10,8.031458333333333
2016-06-11,4.617222222222222
2016-06-12,-4.511805555555556
2016-06-13,16.078958333333333
2016-06-14,16.039236111111112
2016-06-15,15.674444444444443
2016-06-16,14.976319444444446
2016-06-17,15.188125000000001
2016-06-18,15.675694444444446
2016-06-19,15.07326388888889
2016-06-20,17.147499999999997
2016-06-21,18.6075
2016-06-22,21.212777777777777
2016-06-23,25.610763888888886
2016-06-24,26.22736111111111
2016-06-25,22.113611111111112
2016-06-26,18.038819444444446
2016-06-27,17.288819444444446
2016-06-28,17.222361111111113
2016-06-29,19.64611111111111
2016-06-30,18.808611111111112
2016-07-01,-0.4160416666666667
2016-07-02,6.7404166666666665
2016-07-03,1.8238194444444444
2016-07-04,8.700555555555557
2016-07-05,17.529166666666665
2016-07-06,19.32069444444444
2016-07-07,16.671180555555555
2016-07-08,19.42388888888889
2016-07-09,17.75201388888889
2016-07-10,8.648472222222223
2016-07-11,2.213402777777778
2016-07-12,-3.1797916666666666
2016-07-13,16.48166666666667
2016-07-14,14.152569444444445
2016-07-15,14.209097222222223
2016-07-16,17.385347222222222
2016-07-17,19.536388888888887
2016-07-18,21.411388888888887
2016-07-19,22.30972222222222
2016-07-20,24.023125
2016-07-21,19.705555555555556
2016-07-22,22.117013888888888
2016-07-23,20.233333333333334
2016-07-24,22.48784722222222
2016-07-25,22.990416666666665
2016-07-26,21.515138888888888
2016-07-27,20.757708333333333
2016-07-28,20.681527777777777
2016-07-29,19.333819444444444
2016-07-30,20.673402777777778
2016-07-31,19.307430555555555
2016-08-01,3.8952777777777774
2016-08-02,7.110694444444444
2016-08-03,1.1827083333333333
2016-08-04,8.012222222222222
2016-08-05,17.23909722222222
2016-08-06,18.460763888888888
2016-08-07,20.30673611111111
2016-08-08,21.029027777777777
2016-08-09,20.846041666666665
2016-08-10,7.9277083333333325
2016-08-11,1.9390972222222222
2016-08-12,3.5584027777777774
2016-08-13,20.829652777777778
2016-08-14,19.054861111111112
2016-08-15,17.03576388888889
2016-08-16,16.54986111111111
2016-08-17,14.514444444444443
2016-08-18,15.919513888888888
2016-08-19,18.76291666666667
2016-08-20,19.735763888888886
2016-08-21,17.305694444444445
2016-08-22,18.07069444444444
2016-08-23,21.683541666666667
2016-08-24,22.993680555555557
2016-08-25,24.16916666666667
2016-08-26,25.831180555555555
2016-08-27,24.73784722222222
2016-08-28,24.51590277777778
2016-08-29,20.705625
2016-08-30,16.950208333333332
2016-08-31,18.28013888888889
2016-09-01,-0.5363194444444445
2016-09-02,7.312986111111111
2016-09-03,1.6479861111111112
2016-09-04,7.759305555555555
2016-09-05,17.62402777777778
2016-09-06,15.308402777777777
2016-09-07,20.046875
2016-09-08,16.768194444444443
2016-09-09,20.903888888888886
2016-09-10,7.852291666666667
2016-09-11,0.7992361111111111
2016-09-12,5.816458333333333
2016-09-13,23.36576388888889
2016-09-14,22.29986111111111
2016-09-15,21.403888888888886
2016-09-16,18.199444444444442
2016-09-17,15.021319444444446
2016-09-18,14.272569444444445
2016-09-19,12.98451388888889
2016-09-20,12.93576388888889
2016-09-21,11.471805555555555
2016-09-22,12.612361111111111
2016-09-23,14.69763888888889
2016-09-24,14.227500000000001
2016-09-25,14.567916666666669
2016-09-26,13.911458333333334
2016-09-27,15.679375
2016-09-28,15.981527777777778
2016-09-29,18.990625
2016-09-30,14.29027777777778
2016-10-01,3.9297222222222223
2016-10-02,3.6041666666666665
2016-10-03,1.0122222222222221
2016-10-04,6.910833333333333
2016-10-05,18.210902777777775
2016-10-06,16.29423611111111
2016-10-07,23.40826388888889
2016-10-08,12.494027777777779
2016-10-09,20.802777777777777
2016-10-10,6.847083333333334
2016-10-11,1.5914583333333332
2016-10-12,7.090347222222222
2016-10-13,6.792222222222223
2016-10-14,8.20548611111111
2016-10-15,10.493472222222222
2016-10-16,12.121736111111112
2016-10-17,10.549791666666668
2016-10-18,11.725555555555555
2016-10-19,8.755277777777778
2016-10-20,6.4747916666666665
2016-10-21,5.997777777777777
2016-10-22,5.770555555555556
2016-10-23,6.491458333333333
2016-10-24,7.528472222222222
2016-10-25,8.06875
2016-10-26,
2016-10-27,
2016-10-28,11.98402985074627
2016-10-29,9.893888888888888
2016-10-30,8.42173611111111
2016-10-31,7.387152777777778
2016-11-01,3.6758333333333337
2016-11-02,3.7427083333333337
2016-11-03,2.955833333333333
2016-11-04,7.588888888888889
2016-11-05,17.227430555555557
2016-11-06,16.051319444444445
2016-11-07,24.71604166666667
2016-11-08,12.630277777777778
2016-11-09,21.473125
2016-11-10,6.474652777777778
2016-11-11,1.1643055555555555
2016-11-12,6.7306944444444445
2016-11-13,-0.17472222222222222
2016-11-14,-1.53
2016-11-15,1.380486111111111
2016-11-16,6.193402777777778
2016-11-17,10.219166666666666
2016-11-18,10.243333333333332
2016-11-19,5.852222222222222
2016-11-20,7.887916666666666
2016-11-21,9.41951388888889
2016-11-22,9.846944444444444
2016-11-23,6.550694444444444
2016-11-24,5.714097222222223
2016-11-25,2.9506944444444443
2016-11-26,0.8992361111111111
2016-11-27,2.841527777777778
2016-11-28,-0.7025
2016-11-29,-3.5160416666666667
2016-11-30,-1.03875
2016-12-01,4.371736111111111
2016-12-02,1.9564583333333334
2016-12-03,1.385138888888889
2016-12-04,9.739444444444445
2016-12-05,16.6875
2016-12-06,16.083958333333335
2016-12-07,20.098125
2016-12-08,14.783680555555556
2016-12-09,23.20798611111111
2016-12-10,6.0332638888888885
2016-12-11,-0.3682638888888889
2016-12-12,5.470694444444444
2016-12-13,3.750972222222222
2016-12-14,4.696458333333333
2016-12-15,2.885972222222222
2016-12-16,0.15368055555555554
2016-12-17,-1.2421527777777779
2016-12-18,2.8058333333333336
2016-12-19,2.4943055555555556
2016-12-20,-0.6174305555555555
2016-12-21,-1.6655555555555557
2016-12-22,-0.007361111111111124
2016-12-23,1.2450694444444443
2016-12-24,4.539513888888888
2016-12-25,7.798611111111111
2016-12-26,7.527430555555556
2016-12-27,5.245625
2016-12-28,4.887152777777778
2016-12-29,2.67625
2016-12-30,-1.7065972222222223
2016-12-31,-2.4925
2017-01-01,-4.82
