Date,close
2010-01-04,23.904985427856445
2010-01-05,23.912710189819336
2010-01-06,23.765954971313477
2010-01-07,23.518789291381836
2010-01-08,23.680997848510742
2010-01-11,23.379764556884766
2010-01-12,23.22528839111328
2010-01-13,23.441564559936523
2010-01-14,23.912710189819336
2010-01-15,23.83547019958496
2010-01-19,24.020841598510742
2010-01-20,23.626922607421875
2010-01-21,23.178953170776367
2010-01-22,22.367956161499023
2010-01-25,22.646015167236328
2010-01-26,22.7850341796875
2010-01-27,22.91634178161621
2010-01-28,22.522432327270508
2010-01-29,21.765506744384766
2010-02-01,21.943147659301758
2010-02-02,21.98177146911621
2010-02-03,22.11307716369629
2010-02-04,21.50290298461914
2010-02-05,21.641925811767578
2010-02-08,21.410213470458984
2010-02-09,21.63420295715332
2010-02-10,21.618749618530273
2010-02-11,21.719167709350586
2010-02-12,21.57241439819336
2010-02-16,21.99919891357422
2010-02-17,22.185443878173828
2010-02-18,22.480316162109375
2010-02-19,22.325117111206055
2010-02-22,22.294076919555664
2010-02-23,21.983692169189453
2010-02-24,22.216476440429688
2010-02-25,22.193199157714844
2010-02-26,22.247520446777344
2010-03-01,22.519113540649414
2010-03-02,22.08456039428711
2010-03-03,22.08456039428711
2010-03-04,22.216476440429688
2010-03-05,22.185443878173828
2010-03-08,22.216476440429688
2010-03-09,22.3483943939209
2010-03-10,22.480316162109375
2010-03-11,22.643272399902344
2010-03-12,22.713109970092773
2010-03-15,22.72863006591797
2010-03-16,22.790712356567383
2010-03-17,22.992464065551758
2010-03-18,22.976945877075195
2010-03-19,22.961429595947266
2010-03-22,22.96919059753418
2010-03-23,23.186466217041016
2010-03-24,23.007986068725586
2010-03-25,23.287342071533203
2010-03-26,23.015745162963867
2010-03-29,22.961429595947266
2010-03-30,23.101106643676758
2010-03-31,22.72863006591797
2010-04-01,22.627756118774414
2010-04-05,22.713109970092773
2010-04-06,22.75190544128418
2010-04-07,22.775192260742188
2010-04-08,23.217498779296875
2010-04-09,23.543413162231445
2010-04-12,23.52790069580078
2010-04-13,23.628774642944336
2010-04-14,23.915889739990234
2010-04-15,23.954694747924805
2010-04-16,23.79949188232422
2010-04-19,24.086606979370117
2010-04-20,24.334918975830078
2010-04-21,24.311643600463867
2010-04-22,24.35820198059082
2010-04-23,24.024532318115234
2010-04-26,24.14093780517578
2010-04-27,23.939176559448242
2010-04-28,23.985733032226562
2010-04-29,24.055564880371094
2010-04-30,23.69861602783203
2010-05-03,23.946931838989258
2010-05-04,23.380462646484375
2010-05-05,23.163188934326172
2010-05-06,22.48807716369629
2010-05-07,21.89056396484375
2010-05-10,22.457042694091797
2010-05-11,22.410480499267578
2010-05-12,22.84502601623535
2010-05-13,22.68982696533203
2010-05-14,22.44927406311035
2010-05-17,22.457042694091797
2010-05-18,22.29334259033203
2010-05-19,22.01272964477539
2010-05-20,21.13190460205078
2010-05-21,20.92144775390625
2010-05-24,20.477142333984375
2010-05-25,20.32124137878418
2010-05-26,19.494985580444336
2010-05-27,20.266674041748047
2010-05-28,20.110774993896484
2010-06-01,20.180932998657227
2010-06-02,20.625232696533203
2010-06-03,20.937042236328125
2010-06-04,20.102989196777344
2010-06-07,19.713239669799805
2010-06-08,19.57293701171875
2010-06-09,19.32349395751953
2010-06-10,19.487192153930664
2010-06-11,20.00164794921875
2010-06-14,19.87693214416504
2010-06-15,20.71878433227539
2010-06-16,20.51611328125
2010-06-17,20.555091857910156
2010-06-18,20.609649658203125
2010-06-21,20.227706909179688
2010-06-22,20.087400436401367
2010-06-23,19.72882843017578
2010-06-24,19.487192153930664
2010-06-25,19.120830535888672
2010-06-28,18.949342727661133
2010-06-29,18.169857025146484
2010-06-30,17.936010360717773
2010-07-01,18.052934646606445
2010-07-02,18.13867950439453
2010-07-06,18.567398071289062
2010-07-07,18.941545486450195
2010-07-08,19.027294158935547
2010-07-09,18.918163299560547
2010-07-12,19.35467529296875
2010-07-13,19.588520050048828
2010-07-14,19.830162048339844
2010-07-15,19.884727478027344
2010-07-16,19.401445388793945
2010-07-19,19.666471481323242
2010-07-20,19.861343383789062
2010-07-21,19.58072853088379
2010-07-22,20.1419620513916
2010-07-23,20.11857032775879
2010-07-26,20.34462547302246
2010-07-27,20.391393661499023
2010-07-28,20.227706909179688
2010-07-29,20.290067672729492
2010-07-30,20.11857032775879
2010-08-02,20.52390480041504
2010-08-03,20.391393661499023
2010-08-04,20.05621337890625
2010-08-05,19.775598526000977
2010-08-06,19.91590690612793
2010-08-09,19.962671279907227
2010-08-10,19.541751861572266
2010-08-11,19.378063201904297
2010-08-12,19.089649200439453
2010-08-13,19.019498825073242
2010-08-16,19.097444534301758
2010-08-17,19.36388397216797
2010-08-18,19.45008659362793
2010-08-19,19.152301788330078
2010-08-20,18.987735748291016
2010-08-23,19.026918411254883
2010-08-24,18.838842391967773
2010-08-25,18.885860443115234
2010-08-26,18.666444778442383
2010-08-27,18.752641677856445
2010-08-30,18.525379180908203
2010-08-31,18.392166137695312
2010-09-01,18.7291316986084
2010-09-02,18.760482788085938
2010-09-03,19.034757614135742
2010-09-07,18.77614974975586
2010-09-08,18.752641677856445
2010-09-09,18.815336227416992
2010-09-10,18.689950942993164
2010-09-13,19.677350997924805
2010-09-14,19.614660263061523
2010-09-15,19.6851806640625
2010-09-16,19.84974479675293
2010-09-17,19.76354217529297
2010-09-20,19.9281063079834
2010-09-21,19.708690643310547
2010-09-22,19.2855281829834
2010-09-23,19.144454956054688
2010-09-24,19.418743133544922
2010-09-27,19.37955665588379
2010-09-28,19.34037208557129
2010-09-29,19.199317932128906
2010-09-30,19.191484451293945
2010-10-01,19.105283737182617
2010-10-04,18.736968994140625
2010-10-05,19.08176612854004
2010-10-06,19.144454956054688
2010-10-07,19.222829818725586
2010-10-08,19.25417709350586
2010-10-11,19.269847869873047
2010-10-12,19.457918167114258
2010-10-13,19.857582092285156
2010-10-14,19.77137565612793
2010-10-15,20.01430892944336
2010-10-18,20.233732223510742
2010-10-19,19.669511795043945
2010-10-20,19.83407211303711
2010-10-21,19.92027473449707
2010-10-22,19.8889217376709
2010-10-25,19.740032196044922
2010-10-26,20.296428680419922
2010-10-27,20.413969039916992
2010-10-28,20.594207763671875
2010-10-29,20.899829864501953
2010-11-01,21.119251251220703
2010-11-02,21.46405792236328
2010-11-03,21.181941986083984
2010-11-04,21.268146514892578
2010-11-05,21.040889739990234
2010-11-08,21.009536743164062
2010-11-09,21.119251251220703
2010-11-10,21.111417770385742
2010-11-11,20.907665252685547
2010-11-12,20.586376190185547
2010-11-15,20.531517028808594
2010-11-16,20.350170135498047
2010-11-17,20.160938262939453
2010-11-18,20.373825073242188
2010-11-19,20.25554656982422
2010-11-22,20.287094116210938
2010-11-23,19.806133270263672
2010-11-24,20.003246307373047
2010-11-26,19.908632278442383
2010-11-29,19.95594596862793
2010-11-30,19.916519165039062
2010-12-01,20.531518936157227
2010-12-02,21.201704025268555
2010-12-03,21.304208755493164
2010-12-06,21.16228675842285
2010-12-07,21.185941696166992
2010-12-08,21.469783782958984
2010-12-09,21.35150909423828
2010-12-10,21.5565128326416
2010-12-13,21.485557556152344
2010-12-14,21.777284622192383
2010-12-15,21.958629608154297
2010-12-16,22.06900978088379
2010-12-17,21.9980525970459
2010-12-20,21.927091598510742
2010-12-21,22.132089614868164
2010-12-22,22.22671127319336
2010-12-23,22.313432693481445
2010-12-27,22.132089614868164
2010-12-28,22.08477783203125
2010-12-29,22.053241729736328
2010-12-30,21.958629608154297
2010-12-31,22.005939483642578
2011-01-03,22.061132431030273
2011-01-04,22.147857666015625
2011-01-05,22.0768985748291
2011-01-06,22.723440170288086
2011-01-07,22.549976348876953
2011-01-10,22.25035858154297
2011-01-11,22.163631439208984
2011-01-12,22.51055145263672
2011-01-13,22.22671127319336
2011-01-14,22.313432693481445
2011-01-18,22.59728240966797
2011-01-19,22.447471618652344
2011-01-20,22.35285758972168
2011-01-21,22.092670440673828
2011-01-24,22.376516342163086
2011-01-25,22.43170928955078
2011-01-26,22.691909790039062
2011-01-27,22.762861251831055
2011-01-28,21.87978744506836
2011-01-31,21.864013671875
2011-02-01,22.06900978088379
2011-02-02,22.029590606689453
2011-02-03,21.80093765258789
2011-02-04,21.89555549621582
2011-02-07,22.234586715698242
2011-02-08,22.297666549682617
2011-02-09,22.053241729736328
2011-02-10,21.682662963867188
2011-02-11,21.485557556152344
2011-02-14,21.469783782958984
2011-02-15,21.38254165649414
2011-02-16,21.43012809753418
2011-02-17,21.580825805664062
2011-02-18,21.461856842041016
2011-02-22,21.089088439941406
2011-02-23,21.089088439941406
2011-02-24,21.23185157775879
2011-02-25,21.057361602783203
2011-02-28,21.081159591674805
2011-03-01,20.748043060302734
2011-03-02,20.684595108032227
2011-03-03,20.779773712158203
2011-03-04,20.581493377685547
2011-03-07,20.399072647094727
2011-03-08,20.54976463317871
2011-03-09,20.533899307250977
2011-03-10,20.153202056884766
2011-03-11,20.367355346679688
2011-03-14,20.375268936157227
2011-03-15,20.137338638305664
2011-03-16,19.661468505859375
2011-03-17,19.653539657592773
2011-03-18,19.66939926147461
2011-03-21,20.08974838256836
2011-03-22,20.065961837768555
2011-03-23,20.256305694580078
2011-03-24,20.470449447631836
2011-03-25,20.319761276245117
2011-03-28,20.153202056884766
2011-03-29,20.216657638549805
2011-03-30,20.311824798583984
2011-03-31,20.137338638305664
2011-04-01,20.208723068237305
2011-04-04,20.264238357543945
2011-04-05,20.446659088134766
2011-04-06,20.740116119384766
2011-04-07,20.779773712158203
2011-04-08,20.67667007446289
2011-04-11,20.605287551879883
2011-04-12,20.33561897277832
2011-04-13,20.327693939208984
2011-04-14,20.16114044189453
2011-04-15,20.12148094177246
2011-04-18,19.8914737701416
2011-04-19,19.946996688842773
2011-04-20,20.430797576904297
2011-04-21,20.24044418334961
2011-04-25,20.311824798583984
2011-04-26,20.771835327148438
2011-04-27,20.922529220581055
2011-04-28,21.184255599975586
2011-04-29,20.557695388793945
2011-05-02,20.351484298706055
2011-05-03,20.470449447631836
2011-05-04,20.668729782104492
2011-05-05,20.454593658447266
2011-05-06,20.51804542541504
2011-05-09,20.486316680908203
2011-05-10,20.359418869018555
2011-05-11,20.113554000854492
2011-05-12,20.081819534301758
2011-05-13,19.851821899414062
2011-05-16,19.486982345581055
2011-05-17,19.574790954589844
2011-05-18,19.71051597595215
2011-05-19,19.73446273803711
2011-05-20,19.55084991455078
2011-05-23,19.29538345336914
2011-05-24,19.279420852661133
2011-05-25,19.311359405517578
2011-05-26,19.69454574584961
2011-05-27,19.76639175415039
2011-05-31,19.96597671508789
2011-06-01,19.50294303894043
2011-06-02,19.335304260253906
2011-06-03,19.08782196044922
2011-06-06,19.16765594482422
2011-06-07,19.207569122314453
2011-06-08,19.111774444580078
2011-06-09,19.127735137939453
2011-06-10,18.92815589904785
2011-06-13,19.191604614257812
2011-06-14,19.335304260253906
2011-06-15,18.952110290527344
2011-06-16,19.15966796875
2011-06-17,19.367233276367188
2011-06-20,19.534881591796875
2011-06-21,19.76639175415039
2011-06-22,19.678579330444336
2011-06-23,19.662612915039062
2011-06-24,19.399173736572266
2011-06-27,20.117658615112305
2011-06-28,20.596647262573242
2011-06-29,20.452951431274414
2011-06-30,20.756309509277344
2011-07-01,20.772275924682617
2011-07-05,20.78026580810547
2011-07-06,21.01974868774414
2011-07-07,21.371013641357422
2011-07-08,21.490764617919922
2011-07-11,21.25925064086914
2011-07-12,21.187408447265625
2011-07-13,21.25925064086914
2011-07-14,21.13151741027832
2011-07-15,21.37900161743164
2011-07-18,21.22731590270996
2011-07-19,21.9857234954834
2011-07-20,21.602529525756836
2011-07-21,21.634464263916016
2011-07-22,21.977741241455078
2011-07-25,22.281105041503906
2011-07-26,22.416810989379883
2011-07-27,21.818077087402344
2011-07-28,22.129423141479492
2011-07-29,21.873958587646484
2011-08-01,21.770172119140625
2011-08-02,21.394962310791016
2011-08-03,21.490764617919922
2011-08-04,20.708410263061523
2011-08-05,20.5008544921875
2011-08-08,19.542861938476562
2011-08-09,20.4210147857666
2011-08-10,19.319334030151367
2011-08-11,20.10966682434082
2011-08-12,20.037826538085938
2011-08-15,20.36513900756836
2011-08-16,20.365140914916992
2011-08-17,20.284791946411133
2011-08-18,19.818851470947266
2011-08-19,19.320762634277344
2011-08-22,19.26453399658203
2011-08-23,19.859020233154297
2011-08-24,20.00362205505371
2011-08-25,19.738513946533203
2011-08-26,20.284791946411133
2011-08-29,20.758785247802734
2011-08-30,21.07208824157715
2011-08-31,21.369333267211914
2011-09-01,21.056015014648438
2011-09-02,20.72664451599121
2011-09-06,20.493671417236328
2011-09-07,20.887319564819336
2011-09-08,21.064062118530273
2011-09-09,20.67844581604004
2011-09-12,20.7989501953125
2011-09-13,20.91945457458496
2011-09-14,21.288990020751953
2011-09-15,21.68264389038086
2011-09-16,21.78708267211914
2011-09-19,21.85938262939453
2011-09-20,21.674610137939453
2011-09-21,20.879283905029297
2011-09-22,20.132158279418945
2011-09-23,20.132158279418945
2011-09-26,20.43743896484375
2011-09-27,20.622207641601562
2011-09-28,20.549907684326172
2011-09-29,20.445470809936523
2011-09-30,19.995594024658203
2011-10-03,19.70638084411621
2011-10-04,20.357099533081055
2011-10-05,20.7989501953125
2011-10-06,21.160457611083984
2011-10-07,21.08815574645996
2011-10-10,21.642475128173828
2011-10-11,21.690677642822266
2011-10-12,21.65854263305664
2011-10-13,21.83527946472168
2011-10-14,21.907577514648438
2011-10-17,21.674610137939453
2011-10-18,21.939722061157227
2011-10-19,21.795108795166016
2011-10-20,21.722816467285156
2011-10-21,21.8192138671875
2011-10-24,21.84331512451172
2011-10-25,21.538040161132812
2011-10-26,21.36130142211914
2011-10-27,21.891511917114258
2011-10-28,21.674610137939453
2011-10-31,21.393430709838867
2011-11-01,20.879283905029297
2011-11-02,20.895349502563477
2011-11-03,21.313100814819336
2011-11-04,21.08815574645996
2011-11-07,21.53000259399414
2011-11-08,21.8192138671875
2011-11-09,21.04798698425293
2011-11-10,21.112253189086914
2011-11-11,21.61837387084961
2011-11-14,21.497865676879883
2011-11-15,21.64356231689453
2011-11-16,21.101259231567383
2011-11-17,20.672273635864258
2011-11-18,20.478015899658203
2011-11-21,20.235197067260742
2011-11-22,20.065214157104492
2011-11-23,19.806209564208984
2011-11-25,19.668609619140625
2011-11-28,20.129974365234375
2011-11-29,20.10569190979004
2011-11-30,20.704648971557617
2011-12-01,20.46183204650879
2011-12-02,20.41326332092285
2011-12-05,20.80177879333496
2011-12-06,20.76940155029297
2011-12-07,20.720844268798828
2011-12-08,20.558956146240234
2011-12-09,20.80177879333496
2011-12-12,20.647991180419922
2011-12-13,20.850341796875
2011-12-14,20.71274757385254
2011-12-15,20.688465118408203
2011-12-16,21.044597625732422
2011-12-19,20.664180755615234
2011-12-20,21.068889617919922
2011-12-21,20.850341796875
2011-12-22,20.890810012817383
2011-12-23,21.068889617919922
2011-12-27,21.076974868774414
2011-12-28,20.898906707763672
2011-12-29,21.060787200927734
2011-12-30,21.01222038269043
2012-01-03,21.667842864990234
2012-01-04,22.17776870727539
2012-01-05,22.404401779174805
2012-01-06,22.752456665039062
2012-01-09,22.452972412109375
2012-01-10,22.533916473388672
2012-01-11,22.436779022216797
2012-01-12,22.66341781616211
2012-01-13,22.86577033996582
2012-01-17,22.873865127563477
2012-01-18,22.849580764770508
2012-01-19,22.760547637939453
2012-01-20,24.04750633239746
2012-01-23,24.063690185546875
2012-01-24,23.748022079467773
2012-01-25,23.926095962524414
2012-01-26,23.87752914428711
2012-01-27,23.658987045288086
2012-01-30,23.966564178466797
2012-01-31,23.901811599731445
2012-02-01,24.19319725036621
2012-02-02,24.241764068603516
2012-02-03,24.47649383544922
2012-02-06,24.444114685058594
2012-02-07,24.56552505493164
2012-02-08,24.816444396972656
2012-02-09,24.90547752380371
2012-02-10,24.686935424804688
2012-02-13,24.75168800354004
2012-02-14,24.64577293395996
2012-02-15,24.482830047607422
2012-02-16,25.493091583251953
2012-02-17,25.46051025390625
2012-02-21,25.615306854248047
2012-02-22,25.476802825927734
2012-02-23,25.55828094482422
2012-02-24,25.64789581298828
2012-02-27,25.5419864654541
2012-02-28,25.965646743774414
2012-02-29,25.859729766845703
2012-03-01,26.307836532592773
2012-03-02,26.136741638183594
2012-03-05,25.908615112304688
2012-03-06,25.713077545166016
2012-03-07,25.941200256347656
2012-03-08,26.079715728759766
2012-03-09,26.06341552734375
2012-03-12,26.10415267944336
2012-03-13,26.6174373626709
2012-03-14,26.69890785217285
2012-03-15,26.764083862304688
2012-03-16,26.560400009155273
2012-03-19,26.234512329101562
2012-03-20,26.06341552734375
2012-03-21,25.99823570251465
2012-03-22,26.071561813354492
2012-03-23,26.079715728759766
2012-03-26,26.552257537841797
2012-03-27,26.495216369628906
2012-03-28,26.226360321044922
2012-03-29,26.169326782226562
2012-03-30,26.283388137817383
2012-04-02,26.307836532592773
2012-04-03,26.02268409729004
2012-04-04,25.42792320251465
2012-04-05,25.680490493774414
2012-04-09,25.338298797607422
2012-04-10,24.825016021728516
2012-04-11,24.727249145507812
2012-04-12,25.240528106689453
2012-04-13,25.102025985717773
2012-04-16,25.322002410888672
2012-04-17,25.615306854248047
2012-04-18,25.370885848999023
2012-04-19,25.264972686767578
2012-04-20,26.413755416870117
2012-04-23,26.169326782226562
2012-04-24,26.006383895874023
2012-04-25,26.234512329101562
2012-04-26,26.161182403564453
2012-04-27,26.05526351928711
2012-04-30,26.08785629272461
2012-05-01,26.079715728759766
2012-05-02,25.908615112304688
2012-05-03,25.87602424621582
2012-05-04,25.240528106689453
2012-05-07,24.971664428710938
2012-05-08,24.84946060180664
2012-05-09,25.061290740966797
2012-05-10,25.04499053955078
2012-05-11,25.387182235717773
2012-05-14,24.996109008789062
2012-05-15,24.77469253540039
2012-05-16,24.520462036132812
2012-05-17,24.37284278869629
2012-05-18,24.00381088256836
2012-05-21,24.397443771362305
2012-05-22,24.40565299987793
2012-05-23,23.872600555419922
2012-05-24,23.83979606628418
2012-05-25,23.831592559814453
2012-05-29,24.241634368896484
2012-05-30,24.061214447021484
2012-05-31,23.938203811645508
2012-06-01,23.33134651184082
2012-06-04,23.413345336914062
2012-06-05,23.38054656982422
2012-06-06,24.06941795349121
2012-06-07,23.97100067138672
2012-06-08,24.31543731689453
2012-06-11,23.70038414001465
2012-06-12,24.02021026611328
2012-06-13,23.888999938964844
2012-06-14,24.061214447021484
2012-06-15,24.61886978149414
2012-06-18,24.47126007080078
2012-06-19,25.176525115966797
2012-06-20,25.36514663696289
2012-06-21,24.717287063598633
2012-06-22,25.176525115966797
2012-06-25,24.495861053466797
2012-06-26,24.61886978149414
2012-06-27,24.74188232421875
2012-06-28,24.52865982055664
2012-06-29,25.086318969726562
2012-07-02,25.061716079711914
2012-07-03,25.225736618041992
2012-07-05,25.176525115966797
2012-07-06,24.758281707763672
2012-07-09,24.60247230529785
2012-07-10,24.389245986938477
2012-07-11,24.02841567993164
2012-07-12,23.47895622253418
2012-07-13,24.102218627929688
2012-07-16,24.14322853088379
2012-07-17,24.323646545410156
2012-07-18,24.97150230407715
2012-07-19,25.15192222595215
2012-07-20,24.700878143310547
2012-07-23,24.012008666992188
2012-07-24,23.905399322509766
2012-07-25,23.642980575561523
2012-07-26,23.913604736328125
2012-07-27,24.40565299987793
2012-07-30,24.307241439819336
2012-07-31,24.167831420898438
2012-08-01,24.118621826171875
2012-08-02,23.938203811645508
2012-08-03,24.397443771362305
2012-08-06,24.56146812438965
2012-08-07,24.81569480895996
2012-08-08,24.87310028076172
2012-08-09,25.01251220703125
2012-08-10,24.946903228759766
2012-08-13,24.92230224609375
2012-08-14,24.872764587402344
2012-08-15,24.930557250976562
2012-08-16,25.40935516357422
2012-08-17,25.50841522216797
2012-08-20,25.37633514404297
2012-08-21,25.425865173339844
2012-08-22,25.21123695373535
2012-08-23,24.980091094970703
2012-08-24,25.227741241455078
2012-08-27,25.335060119628906
2012-08-28,25.2855281829834
2012-08-29,25.302032470703125
2012-08-30,25.029624938964844
2012-08-31,25.4423770904541
2012-09-04,25.087404251098633
2012-09-05,25.087404251098633
2012-09-06,25.879901885986328
2012-09-07,25.549697875976562
2012-09-10,25.359819412231445
2012-09-11,25.417606353759766
2012-09-12,25.40935516357422
2012-09-13,25.54143524169922
2012-09-14,25.764328002929688
2012-09-17,25.764328002929688
2012-09-18,25.739566802978516
2012-09-19,25.63224220275879
2012-09-20,25.962451934814453
2012-09-21,25.747821807861328
2012-09-24,25.40935516357422
2012-09-25,25.087404251098633
2012-09-26,24.905790328979492
2012-09-27,24.897541046142578
2012-09-28,24.567333221435547
2012-10-01,24.344440460205078
2012-10-02,24.484785079956055
2012-10-03,24.649883270263672
2012-10-04,24.79022216796875
2012-10-05,24.64162826538086
2012-10-08,24.583837509155273
2012-10-09,24.17108154296875
2012-10-10,23.923431396484375
2012-10-11,23.898666381835938
2012-10-12,24.105051040649414
2012-10-15,24.36095428466797
2012-10-16,24.344440460205078
2012-10-17,24.42699432373047
2012-10-18,24.35270118713379
2012-10-19,23.642751693725586
2012-10-22,23.11442756652832
2012-10-23,23.15570068359375
2012-10-24,23.031871795654297
2012-10-25,23.01535987854004
2012-10-26,23.287778854370117
2012-10-31,23.560197830200195
2012-11-01,24.36920738220215
2012-11-02,24.35270118713379
2012-11-05,24.460010528564453
2012-11-06,24.649883270263672
2012-11-07,24.005979537963867
2012-11-08,23.783092498779297
2012-11-09,23.79960823059082
2012-11-12,23.296035766601562
2012-11-13,22.54697036743164
2012-11-14,22.338891983032227
2012-11-15,22.18907928466797
2012-11-16,22.072553634643555
2012-11-19,22.247337341308594
2012-11-20,22.23068618774414
2012-11-21,22.430452346801758
2012-11-23,23.054670333862305
2012-11-26,22.796655654907227
2012-11-27,22.538650512695312
2012-11-28,22.771686553955078
2012-11-29,22.430452346801758
2012-11-30,22.155792236328125
2012-12-03,21.997652053833008
2012-12-04,21.947717666625977
2012-12-05,22.197404861450195
2012-12-06,22.247337341308594
2012-12-07,22.022615432739258
2012-12-10,22.4221248626709
2012-12-11,22.73839569091797
2012-12-12,22.67181396484375
2012-12-13,22.56361198425293
2012-12-14,22.31392478942871
2012-12-17,22.55529022216797
2012-12-18,22.938148498535156
2012-12-19,22.730073928833008
2012-12-20,23.038021087646484
2012-12-21,22.846599578857422
2012-12-24,22.521995544433594
2012-12-26,22.35553741455078
2012-12-27,22.438764572143555
2012-12-28,22.09752655029297
2012-12-31,22.23068618774414
2013-01-02,22.988086700439453
2013-01-03,22.68014144897461
2013-01-04,22.255666732788086
2013-01-07,22.214048385620117
2013-01-08,22.09752655029297
2013-01-09,22.222368240356445
2013-01-10,22.022615432739258
2013-01-11,22.330568313598633
2013-01-14,22.380504608154297
2013-01-15,22.6468448638916
2013-01-16,22.505353927612305
2013-01-17,22.68014144897461
2013-01-18,22.68014144897461
2013-01-22,22.596908569335938
2013-01-23,22.979764938354492
2013-01-24,22.996410369873047
2013-01-25,23.204483032226562
2013-01-28,23.229459762573242
2013-01-29,23.312686920166016
2013-01-30,23.179519653320312
2013-01-31,22.846599578857422
2013-02-01,23.24610137939453
2013-02-04,22.838275909423828
2013-02-05,22.888212203979492
2013-02-06,22.755043029785156
2013-02-07,22.70510482788086
2013-02-08,22.92982292175293
2013-02-11,23.187841415405273
2013-02-12,23.204483032226562
2013-02-13,23.329334259033203
2013-02-14,23.337656021118164
2013-02-15,23.312686920166016
2013-02-19,23.53925895690918
2013-02-20,23.38821029663086
2013-02-21,23.069316864013672
2013-02-22,23.295900344848633
2013-02-25,22.96861457824707
2013-02-26,22.96861457824707
2013-02-27,23.337860107421875
2013-02-28,23.329469680786133
2013-03-01,23.455352783203125
2013-03-04,23.623186111450195
2013-03-05,23.79102325439453
2013-03-06,23.57282829284668
2013-03-07,23.614789962768555
2013-03-08,23.497303009033203
2013-03-11,23.38821029663086
2013-03-12,23.421783447265625
2013-03-13,23.430166244506836
2013-03-14,23.614789962768555
2013-03-15,23.5308780670166
2013-03-18,23.581220626831055
2013-03-19,23.648359298706055
2013-03-20,23.765850067138672
2013-03-21,23.58962059020996
2013-03-22,23.707103729248047
2013-03-25,23.63157081604004
2013-03-26,23.63157081604004
2013-03-27,23.80780601501465
2013-03-28,24.00920867919922
2013-04-01,24.00920867919922
2013-04-02,24.168659210205078
2013-04-03,23.967247009277344
2013-04-04,24.00082015991211
2013-04-05,24.084741592407227
2013-04-08,23.992427825927734
2013-04-09,24.84840202331543
2013-04-10,25.41065788269043
2013-04-11,24.28614044189453
2013-04-12,24.16026496887207
2013-04-15,24.07634162902832
2013-04-16,24.31131935119629
2013-04-17,24.193838119506836
2013-04-18,24.16026496887207
2013-04-19,24.98267364501953
2013-04-22,25.87221336364746
2013-04-23,25.67919158935547
2013-04-24,26.65265655517578
2013-04-25,26.803720474243164
2013-04-26,26.677839279174805
2013-04-29,27.365968704223633
2013-04-30,27.777172088623047
2013-05-01,27.458280563354492
2013-05-02,27.82752227783203
2013-05-03,28.104455947875977
2013-05-06,28.322643280029297
2013-05-07,27.95340347290039
2013-05-08,27.684860229492188
2013-05-09,27.407934188842773
2013-05-10,27.4330997467041
2013-05-13,27.718425750732422
2013-05-14,28.3353271484375
2013-05-15,28.605756759643555
2013-05-16,28.800127029418945
2013-05-17,29.467737197875977
2013-05-20,29.645198822021484
2013-05-21,29.45082664489746
2013-05-22,29.248014450073242
2013-05-23,28.85927391052246
2013-05-24,28.96068572998047
2013-05-28,29.594501495361328
2013-05-29,29.476181030273438
2013-05-30,29.602943420410156
2013-05-31,29.493087768554688
2013-06-03,30.07618522644043
2013-06-04,29.569143295288086
2013-06-05,29.39167022705078
2013-06-06,29.543785095214844
2013-06-07,30.143783569335938
2013-06-10,29.97477149963379
2013-06-11,29.442384719848633
2013-06-12,29.577592849731445
2013-06-13,29.34097671508789
2013-06-14,29.07054328918457
2013-06-17,29.577592849731445
2013-06-18,29.560688018798828
2013-06-19,29.231115341186523
2013-06-20,28.301532745361328
2013-06-21,28.115617752075195
2013-06-24,28.495895385742188
2013-06-25,28.453638076782227
2013-06-26,29.02829360961914
2013-06-27,29.25645637512207
2013-06-28,29.188858032226562
2013-07-01,29.036752700805664
2013-07-02,28.681814193725586
2013-07-03,28.740968704223633
2013-07-05,28.909988403320312
2013-07-08,29.011390686035156
2013-07-09,29.02829360961914
2013-07-10,29.324066162109375
2013-07-11,30.16069793701172
2013-07-12,30.143783569335938
2013-07-15,30.566329956054688
2013-07-16,30.650842666625977
2013-07-17,30.202939987182617
2013-07-18,29.949426651000977
2013-07-19,26.535327911376953
2013-07-22,27.050819396972656
2013-07-23,26.8902587890625
2013-07-24,27.008567810058594
2013-07-25,26.526870727539062
2013-07-26,26.721240997314453
2013-07-29,26.653636932373047
2013-07-30,26.915613174438477
2013-07-31,26.907154083251953
2013-08-01,26.76349449157715
2013-08-02,26.949411392211914
2013-08-05,26.788843154907227
2013-08-06,26.687440872192383
2013-08-07,27.093076705932617
2013-08-08,27.794490814208984
2013-08-09,27.633920669555664
2013-08-12,27.777578353881836
2013-08-13,27.428661346435547
2013-08-14,27.53078269958496
2013-08-15,27.054208755493164
2013-08-16,27.062721252441406
2013-08-19,26.71379852294922
2013-08-20,26.90953826904297
2013-08-21,26.901023864746094
2013-08-22,27.56482696533203
2013-08-23,29.5732479095459
2013-08-26,29.062633514404297
2013-08-27,28.30522346496582
2013-08-28,28.100967407226562
2013-08-29,28.552017211914062
2013-08-30,28.424365997314453
2013-09-03,27.130800247192383
2013-09-04,26.55209732055664
2013-09-05,26.5776309967041
2013-09-06,26.50954818725586
2013-09-09,26.94357681274414
2013-09-10,27.56482696533203
2013-09-11,27.862686157226562
2013-09-12,27.82014274597168
2013-09-13,28.109479904174805
2013-09-16,27.913745880126953
2013-09-17,28.024383544921875
2013-09-18,28.35628890991211
2013-09-19,28.628616333007812
2013-09-20,27.905242919921875
2013-09-23,27.862686157226562
2013-09-24,27.61589241027832
2013-09-25,27.666950225830078
2013-09-26,27.888221740722656
2013-09-27,28.313735961914062
2013-09-30,28.322237014770508
2013-10-01,28.577556610107422
2013-10-02,28.866910934448242
2013-10-03,28.815841674804688
2013-10-04,28.832860946655273
2013-10-07,28.339265823364258
2013-10-08,28.092466354370117
2013-10-09,28.14352798461914
2013-10-10,28.730735778808594
2013-10-11,29.04562759399414
2013-10-14,29.317949295043945
2013-10-15,29.351987838745117
2013-10-16,29.47963523864746
2013-10-17,29.717931747436523
2013-10-18,29.751968383789062
2013-10-21,29.777507781982422
2013-10-22,29.4285831451416
2013-10-23,28.730735778808594
2013-10-24,28.69669532775879
2013-10-25,30.407264709472656
2013-10-28,30.27109146118164
2013-10-29,30.228546142578125
2013-10-30,30.245569229125977
2013-10-31,30.134937286376953
2013-11-01,30.237058639526367
2013-11-04,30.58597755432129
2013-11-05,31.181692123413086
2013-11-06,32.492286682128906
2013-11-07,31.913585662841797
2013-11-08,32.151885986328125
2013-11-11,31.990175247192383
2013-11-12,31.794445037841797
2013-11-13,32.47526550292969
2013-11-14,32.35612487792969
2013-11-15,32.20293045043945
2013-11-18,31.658275604248047
2013-11-19,31.50393295288086
2013-11-20,31.79547691345215
2013-11-21,32.06986999511719
2013-11-22,32.21564483642578
2013-11-25,32.275665283203125
2013-11-26,32.02699279785156
2013-11-27,32.24136734008789
2013-11-29,32.69583511352539
2013-12-02,32.9702262878418
2013-12-03,32.85018539428711
2013-12-04,33.39038848876953
2013-12-05,32.5843505859375
2013-12-06,32.89305114746094
2013-12-09,33.19316864013672
2013-12-10,32.67867660522461
2013-12-11,32.249942779541016
2013-12-12,31.91553497314453
2013-12-13,31.4610538482666
2013-12-16,31.63255500793457
2013-12-17,31.31529426574707
2013-12-18,31.366741180419922
2013-12-19,31.08377456665039
2013-12-20,31.55538558959961
2013-12-23,31.401029586791992
2013-12-24,31.79547691345215
2013-12-26,32.10416793823242
2013-12-27,31.975555419921875
2013-12-30,31.975555419921875
2013-12-31,32.07844543457031
2014-01-02,31.86408233642578
2014-01-03,31.649703979492188
2014-01-06,30.980867385864258
2014-01-07,31.2209529876709
2014-01-08,30.663589477539062
2014-01-09,30.46638298034668
2014-01-10,30.903697967529297
2014-01-13,29.99476432800293
2014-01-14,30.680740356445312
2014-01-15,31.521074295043945
2014-01-16,31.63255500793457
2014-01-17,31.195232391357422
2014-01-21,31.015165328979492
2014-01-22,30.80936622619629
2014-01-23,30.920846939086914
2014-01-24,31.563953399658203
2014-01-27,30.895116806030273
2014-01-28,31.100902557373047
2014-01-29,31.43533706665039
2014-01-30,31.606815338134766
2014-01-31,32.44716262817383
2014-02-03,31.280988693237305
2014-02-04,31.169511795043945
2014-02-05,30.715045928955078
2014-02-06,31.02374839782715
2014-02-07,31.34957504272461
2014-02-10,31.55538558959961
2014-02-11,31.872642517089844
2014-02-12,32.12989044189453
2014-02-13,32.249942779541016
2014-02-14,32.25851058959961
2014-02-18,32.3276252746582
2014-02-19,32.40538024902344
2014-02-20,32.61272430419922
2014-02-21,32.81140899658203
2014-02-24,32.56087875366211
2014-02-25,32.43129348754883
2014-02-26,32.37082290649414
2014-02-27,32.7077522277832
2014-02-28,33.09651565551758
2014-03-03,32.63864517211914
2014-03-04,33.18289566040039
2014-03-05,32.92372512817383
2014-03-06,32.95828628540039
2014-03-07,32.742305755615234
2014-03-10,32.67319107055664
2014-03-11,32.845985412597656
2014-03-12,33.061954498291016
2014-03-13,32.733665466308594
2014-03-14,32.56951141357422
2014-03-17,32.871891021728516
2014-03-18,34.16776657104492
2014-03-19,33.925865173339844
2014-03-20,34.841609954833984
2014-03-21,34.69475555419922
2014-03-24,34.98847579956055
2014-03-25,34.850257873535156
2014-03-26,34.375099182128906
2014-03-27,34.00361633300781
2014-03-28,34.815696716308594
2014-03-31,35.41179275512695
2014-04-01,35.783260345458984
2014-04-02,35.72278594970703
2014-04-03,35.429073333740234
2014-04-04,34.444217681884766
2014-04-07,34.38372802734375
2014-04-08,34.40102767944336
2014-04-09,34.962547302246094
2014-04-10,34.00361633300781
2014-04-11,33.874027252197266
2014-04-14,33.84811019897461
2014-04-15,34.34054946899414
2014-04-16,34.90208053588867
2014-04-17,34.56515884399414
2014-04-21,34.50468826293945
2014-04-22,34.547882080078125
2014-04-23,34.28871154785156
2014-04-24,34.43558120727539
2014-04-25,34.47877502441406
2014-04-28,35.30812454223633
2014-04-29,34.99711608886719
2014-04-30,34.90208053588867
2014-05-01,34.556522369384766
2014-05-02,34.28871154785156
2014-05-05,34.064090728759766
2014-05-06,33.74445343017578
2014-05-07,34.055458068847656
2014-05-08,34.245513916015625
2014-05-09,34.159122467041016
2014-05-12,34.53061294555664
2014-05-13,35.165714263916016
2014-05-14,35.00912094116211
2014-05-15,34.452308654785156
2014-05-16,34.65242385864258
2014-05-19,34.58281707763672
2014-05-20,34.52190399169922
2014-05-21,35.10481262207031
2014-05-22,34.88731002807617
2014-05-23,34.904701232910156
2014-05-27,34.96560287475586
2014-05-28,34.80900573730469
2014-05-29,35.09611892700195
2014-05-30,35.61810302734375
2014-06-02,35.48760986328125
2014-06-03,35.052608489990234
2014-06-04,35.07870864868164
2014-06-05,35.85301971435547
2014-06-06,36.08791732788086
2014-06-09,35.90522003173828
2014-06-10,35.76601791381836
2014-06-11,35.54851531982422
2014-06-12,35.304908752441406
2014-06-13,35.87041473388672
2014-06-16,36.10531997680664
2014-06-17,36.26192092895508
2014-06-18,36.23582458496094
2014-06-19,36.11402893066406
2014-06-20,36.26192092895508
2014-06-23,36.5316276550293
2014-06-24,36.32282257080078
2014-06-25,36.5664176940918
2014-06-26,36.29671859741211
2014-06-27,36.7578125
2014-06-30,36.279319763183594
2014-07-01,36.42722702026367
2014-07-02,36.45332717895508
2014-07-03,36.36631393432617
2014-07-07,36.5316276550293
2014-07-08,36.34892654418945
2014-07-09,36.25321960449219
2014-07-10,36.2706184387207
2014-07-11,36.61863327026367
2014-07-14,36.66212844848633
2014-07-15,36.931827545166016
2014-07-16,38.34993362426758
2014-07-17,38.7414436340332
2014-07-18,38.880653381347656
2014-07-21,39.01114273071289
2014-07-22,39.002437591552734
2014-07-23,39.037235260009766
2014-07-24,38.62834167480469
2014-07-25,38.71535873413086
2014-07-28,38.254234313964844
2014-07-29,38.18464279174805
2014-07-30,37.91493606567383
2014-07-31,37.54951858520508
2014-08-01,37.288536071777344
2014-08-04,37.73223114013672
2014-08-05,37.47993469238281
2014-08-06,37.18413162231445
2014-08-07,37.61043167114258
2014-08-08,37.58433151245117
2014-08-11,37.58433151245117
2014-08-12,37.86273193359375
2014-08-13,38.34993362426758
2014-08-14,38.515235900878906
2014-08-15,38.967647552490234
2014-08-18,39.246055603027344
2014-08-19,39.68376922607422
2014-08-20,39.35109329223633
2014-08-21,39.58747482299805
2014-08-22,39.52619171142578
2014-08-25,39.54369354248047
2014-08-26,39.40363693237305
2014-08-27,39.281063079833984
2014-08-28,39.289833068847656
2014-08-29,39.77130889892578
2014-09-02,39.47366714477539
2014-09-03,39.3598518371582
2014-09-04,39.62248611450195
2014-09-05,40.1915283203125
2014-09-08,40.6817741394043
2014-09-09,40.93564987182617
2014-09-10,41.00568389892578
2014-09-11,41.14575958251953
2014-09-12,40.883121490478516
2014-09-15,40.48042678833008
2014-09-16,40.93564987182617
2014-09-17,40.72553634643555
2014-09-18,40.86560821533203
2014-09-19,41.600990295410156
2014-09-22,41.19829177856445
2014-09-23,40.760562896728516
2014-09-24,41.21578598022461
2014-09-25,40.30533218383789
2014-09-26,40.629234313964844
2014-09-29,40.65550994873047
2014-09-30,40.58547592163086
2014-10-01,40.182769775390625
2014-10-02,40.06019973754883
2014-10-03,40.3491096496582
2014-10-06,40.3491096496582
2014-10-07,39.85885238647461
2014-10-08,40.953163146972656
2014-10-09,40.13899230957031
2014-10-10,38.54570388793945
2014-10-13,38.21302795410156
2014-10-14,38.28306198120117
2014-10-15,37.83659362792969
2014-10-16,37.416378021240234
2014-10-17,38.19552230834961
2014-10-20,38.5894660949707
2014-10-21,39.289833068847656
2014-10-22,38.85208511352539
2014-10-23,39.412376403808594
2014-10-24,40.384124755859375
2014-10-27,40.1915283203125
2014-10-28,40.699283599853516
2014-10-29,40.81309127807617
2014-10-30,40.3140869140625
2014-10-31,41.10197830200195
2014-11-03,41.53096008300781
2014-11-04,41.64475631713867
2014-11-05,41.89863586425781
2014-11-06,42.634010314941406
2014-11-07,42.61650085449219
2014-11-10,42.800331115722656
2014-11-11,42.782833099365234
2014-11-12,42.70404815673828
2014-11-13,43.430660247802734
2014-11-14,43.404396057128906
2014-11-17,43.29934310913086
2014-11-18,42.938140869140625
2014-11-19,42.480045318603516
2014-11-20,42.90291213989258
2014-11-21,42.26861572265625
2014-11-24,41.9250373840332
2014-11-25,41.8193244934082
2014-11-26,42.06600570678711
2014-11-28,42.11884307861328
2014-12-01,42.832427978515625
2014-12-02,42.69148254394531
2014-12-03,42.356712341308594
2014-12-04,43.026241302490234
2014-12-05,42.6562385559082
2014-12-08,42.021942138671875
2014-12-09,41.9250373840332
2014-12-10,41.317176818847656
2014-12-11,41.555023193359375
2014-12-12,41.3612174987793
2014-12-15,41.11454772949219
2014-12-16,39.7842903137207
2014-12-17,40.29526138305664
2014-12-18,41.863372802734375
2014-12-19,41.9867057800293
2014-12-22,42.26861572265625
2014-12-23,42.68267059326172
2014-12-24,42.40956497192383
2014-12-26,42.18052673339844
2014-12-29,41.80169677734375
2014-12-30,41.42289352416992
2014-12-31,40.920738220214844
2015-01-02,41.193843841552734
2015-01-05,40.815025329589844
2015-01-06,40.21596908569336
2015-01-07,40.72692108154297
2015-01-08,41.9250373840332
2015-01-09,41.57264709472656
2015-01-12,41.052879333496094
2015-01-13,40.84145736694336
2015-01-14,40.48907470703125
2015-01-15,40.06620788574219
2015-01-16,40.73574447631836
2015-01-20,40.86788558959961
2015-01-21,40.453826904296875
2015-01-22,41.519805908203125
2015-01-23,41.56385040283203
2015-01-26,41.4140739440918
2015-01-27,37.58189392089844
2015-01-28,36.2868766784668
2015-01-29,37.00926971435547
2015-01-30,35.59092330932617
2015-02-02,36.366153717041016
2015-02-03,36.648067474365234
2015-02-04,36.8594970703125
2015-02-05,37.39688491821289
2015-02-06,37.361656188964844
2015-02-09,37.3176155090332
2015-02-10,37.529022216796875
2015-02-11,37.33522033691406
2015-02-12,37.96070861816406
2015-02-13,38.647850036621094
2015-02-17,38.66559600830078
2015-02-18,38.62123107910156
2015-02-19,38.59461975097656
2015-02-20,38.914024353027344
2015-02-23,39.17132568359375
2015-02-24,39.11809539794922
2015-02-25,39.029361724853516
2015-02-26,39.09147262573242
2015-02-27,38.905155181884766
2015-03-02,38.931766510009766
2015-03-03,38.39942932128906
2015-03-04,38.20424270629883
2015-03-05,38.24859619140625
2015-03-06,37.58318328857422
2015-03-09,38.017921447753906
2015-03-10,37.2903938293457
2015-03-11,37.246028900146484
2015-03-12,36.39427947998047
2015-03-13,36.71369552612305
2015-03-16,36.87339401245117
2015-03-17,36.99760055541992
2015-03-18,37.70738983154297
2015-03-19,37.52106475830078
2015-03-20,38.04452896118164
2015-03-23,38.026790618896484
2015-03-24,38.06228256225586
2015-03-25,36.784664154052734
2015-03-26,36.56284713745117
2015-03-27,36.34992218017578
2015-03-30,36.34104919433594
2015-03-31,36.07488250732422
2015-04-01,36.128116607666016
2015-04-02,35.74660873413086
2015-04-06,36.86451721191406
2015-04-07,36.846771240234375
2015-04-08,36.749168395996094
2015-04-09,36.802406311035156
2015-04-10,37.015350341796875
2015-04-13,37.05083465576172
2015-04-14,36.95323944091797
2015-04-15,37.49445343017578
2015-04-16,37.405723571777344
2015-04-17,36.9266242980957
2015-04-20,38.07115173339844
2015-04-21,37.83159637451172
2015-04-22,38.14214324951172
2015-04-23,38.45266342163086
2015-04-24,42.471832275390625
2015-04-27,42.61378479003906
2015-04-28,43.616363525390625
2015-04-29,43.52763366699219
2015-04-30,43.15498733520508
2015-05-01,43.17273712158203
2015-05-04,42.800106048583984
2015-05-05,42.23228454589844
2015-05-06,41.06113052368164
2015-05-07,41.43376541137695
2015-05-08,42.36536407470703
2015-05-11,42.0282096862793
2015-05-12,42.010459899902344
2015-05-13,42.25888442993164
2015-05-14,43.225975036621094
2015-05-15,42.853336334228516
2015-05-18,42.596038818359375
2015-05-19,42.48888397216797
2015-05-20,42.48888397216797
2015-05-21,42.34600067138672
2015-05-22,41.88164520263672
2015-05-26,41.60481262207031
2015-05-27,42.51567459106445
2015-05-28,42.37279510498047
2015-05-29,41.845909118652344
2015-06-01,42.17633056640625
2015-06-02,41.899505615234375
2015-06-03,41.83699035644531
2015-06-04,41.39942932128906
2015-06-05,41.20295715332031
2015-06-08,40.83682632446289
2015-06-09,40.7653923034668
2015-06-10,41.6226806640625
2015-06-11,41.47085952758789
2015-06-12,41.0511589050293
2015-06-15,40.61357498168945
2015-06-16,40.926124572753906
2015-06-17,41.0511589050293
2015-06-18,41.72090148925781
2015-06-19,41.16724395751953
2015-06-22,41.2833251953125
2015-06-23,40.99757385253906
2015-06-24,40.75646209716797
2015-06-25,40.7653923034668
2015-06-26,40.417118072509766
2015-06-29,39.62234878540039
2015-06-30,39.42589569091797
2015-07-01,39.69380187988281
2015-07-02,39.649139404296875
2015-07-06,39.64021301269531
2015-07-07,39.55985641479492
2015-07-08,39.506263732910156
2015-07-09,39.75631332397461
2015-07-10,39.83667755126953
2015-07-13,40.66716003417969
2015-07-14,40.73860168457031
2015-07-15,40.863616943359375
2015-07-16,41.66732406616211
2015-07-17,41.63159942626953
2015-07-20,41.899505615234375
2015-07-21,42.220970153808594
2015-07-22,40.66716003417969
2015-07-23,41.17616653442383
2015-07-24,41.02436447143555
2015-07-27,40.49747848510742
2015-07-28,40.488563537597656
2015-07-29,41.3369140625
2015-07-30,41.86377716064453
2015-07-31,41.70303726196289
2015-08-03,41.801265716552734
2015-08-04,42.45315170288086
2015-08-05,42.48888397216797
2015-08-06,41.63159942626953
2015-08-07,41.73876190185547
2015-08-10,42.2656364440918
2015-08-11,41.44406509399414
2015-08-12,41.73876190185547
2015-08-13,41.72983169555664
2015-08-14,41.97093963623047
2015-08-17,42.25670623779297
2015-08-18,42.49040985107422
2015-08-19,41.89714050292969
2015-08-20,41.0432014465332
2015-08-21,38.715091705322266
2015-08-24,37.465641021728516
2015-08-25,36.37797546386719
2015-08-26,38.391483306884766
2015-08-27,39.4611701965332
2015-08-28,39.488128662109375
2015-08-31,39.119590759277344
2015-09-01,37.59147644042969
2015-09-02,38.97575759887695
2015-09-03,39.10160827636719
2015-09-04,38.30158615112305
2015-09-08,39.45216751098633
2015-09-09,38.715091705322266
2015-09-10,38.91283416748047
2015-09-11,39.08363342285156
2015-09-14,38.68811798095703
2015-09-15,39.5330696105957
2015-09-16,39.820716857910156
2015-09-17,39.7757682800293
2015-09-18,39.08363342285156
2015-09-21,39.649925231933594
2015-09-22,39.4611701965332
2015-09-23,39.43418884277344
2015-09-24,39.47015380859375
2015-09-25,39.49711227416992
2015-09-28,38.91283416748047
2015-09-29,39.04766082763672
2015-09-30,39.784759521484375
2015-10-01,40.0993766784668
2015-10-02,40.96230697631836
2015-10-05,41.91512680053711
2015-10-06,42.02299118041992
2015-10-07,42.06793975830078
2015-10-08,42.6522102355957
2015-10-09,42.34658432006836
2015-10-12,42.247711181640625
2015-10-13,42.148826599121094
2015-10-14,41.960060119628906
2015-10-15,42.2567024230957
2015-10-16,42.70614242553711
2015-10-19,42.80501937866211
2015-10-20,42.939849853515625
2015-10-21,42.427490234375
2015-10-22,43.173561096191406
2015-10-23,47.52418518066406
2015-10-26,48.764644622802734
2015-10-27,48.26126480102539
2015-10-28,48.52195358276367
2015-10-29,47.964630126953125
2015-10-30,47.31743240356445
2015-11-02,47.85675811767578
2015-11-03,48.67475891113281
2015-11-04,48.89948272705078
2015-11-05,48.88149642944336
2015-11-06,49.36689758300781
2015-11-09,48.68375778198242
2015-11-10,48.099464416503906
2015-11-11,48.225303649902344
2015-11-12,47.928688049316406
2015-11-13,47.497215270996094
2015-11-16,48.333187103271484
2015-11-17,47.93500900268555
2015-11-18,48.73134994506836
2015-11-19,48.81278610229492
2015-11-20,49.039039611816406
2015-11-23,49.039039611816406
2015-11-24,49.09333038330078
2015-11-25,48.58656311035156
2015-11-27,48.80374526977539
2015-11-30,49.183834075927734
2015-12-01,49.97113037109375
2015-12-02,49.96208572387695
2015-12-03,49.0480842590332
2015-12-04,50.59553909301758
2015-12-07,50.50505447387695
2015-12-08,50.48695373535156
2015-12-09,49.75394821166992
2015-12-10,50.01639175415039
2015-12-11,48.92140197753906
2015-12-14,49.89873123168945
2015-12-15,49.953041076660156
2015-12-16,50.794639587402344
2015-12-17,50.4055061340332
2015-12-18,48.984745025634766
2015-12-21,49.61820983886719
2015-12-22,50.088783264160156
2015-12-23,50.514095306396484
2015-12-24,50.37835693359375
2015-12-28,50.63174819946289
2015-12-29,51.174720764160156
2015-12-30,50.957523345947266
2015-12-31,50.206417083740234
2016-01-04,49.59105682373047
2016-01-05,49.81729507446289
2016-01-06,48.912357330322266
2016-01-07,47.2110481262207
2016-01-08,47.355831146240234
2016-01-11,47.32868576049805
2016-01-12,47.76306915283203
2016-01-13,46.731422424316406
2016-01-14,48.06169891357422
2016-01-15,46.14320755004883
2016-01-19,45.75407409667969
2016-01-20,45.962215423583984
2016-01-21,45.68168258666992
2016-01-22,47.319637298583984
2016-01-25,46.867164611816406
2016-01-26,47.2110481262207
2016-01-27,46.351348876953125
2016-01-28,47.11150360107422
2016-01-29,49.853492736816406
2016-02-01,49.50961685180664
2016-02-02,47.962158203125
2016-02-03,47.20199966430664
2016-02-04,47.05720138549805
2016-02-05,45.39211654663086
2016-02-08,44.71339797973633
2016-02-09,44.59574890136719
2016-02-10,44.98487854003906
2016-02-11,44.9667854309082
2016-02-12,45.699790954589844
2016-02-16,46.5656623840332
2016-02-17,47.77788543701172
2016-02-18,47.5682487487793
2016-02-19,47.23100662231445
2016-02-22,47.987510681152344
2016-02-23,46.647682189941406
2016-02-24,46.81175231933594
2016-02-25,47.48621368408203
2016-02-26,46.75706100463867
2016-02-29,46.37425994873047
2016-03-01,47.923709869384766
2016-03-02,48.260948181152344
2016-03-03,47.714073181152344
2016-03-04,47.422401428222656
2016-03-07,46.51097869873047
2016-03-08,47.07606506347656
2016-03-09,48.16069030761719
2016-03-10,47.440650939941406
2016-03-11,48.37031555175781
2016-03-14,48.46146011352539
2016-03-15,48.84427261352539
2016-03-16,49.53696823120117
2016-03-17,49.819515228271484
2016-03-18,48.75312042236328
2016-03-21,49.090362548828125
2016-03-22,49.281768798828125
2016-03-23,49.19062042236328
2016-03-24,49.40936279296875
2016-03-28,48.7986946105957
2016-03-29,49.86508560180664
2016-03-30,50.174983978271484
2016-03-31,50.33903503417969
2016-04-01,50.648929595947266
2016-04-04,50.521324157714844
2016-04-05,49.72836685180664
2016-04-06,50.238773345947266
2016-04-07,49.63721466064453
2016-04-08,49.600765228271484
2016-04-11,49.50050354003906
2016-04-12,49.81039810180664
2016-04-13,50.44841384887695
2016-04-14,50.4575309753418
2016-04-15,50.72184371948242
2016-04-18,51.46009826660156
2016-04-19,51.39630889892578
2016-04-20,50.667144775390625
2016-04-21,50.84033966064453
2016-04-22,47.19456100463867
2016-04-25,47.49532699584961
2016-04-26,46.88466262817383
2016-04-27,46.428951263427734
2016-04-28,45.481040954589844
2016-04-29,45.453697204589844
2016-05-02,46.12815856933594
2016-05-03,45.371665954589844
2016-05-04,45.453697204589844
2016-05-05,45.51750183105469
2016-05-06,45.927642822265625
2016-05-09,45.635982513427734
2016-05-10,46.501861572265625
2016-05-11,46.529197692871094
2016-05-12,46.94845962524414
2016-05-13,46.556549072265625
2016-05-16,47.24013900756836
2016-05-17,46.35901641845703
2016-05-18,46.63437271118164
2016-05-19,46.184627532958984
2016-05-20,46.459983825683594
2016-05-23,45.9184684753418
2016-05-24,47.35026550292969
2016-05-25,47.83670425415039
2016-05-26,47.625614166259766
2016-05-27,48.02027893066406
2016-05-31,48.64439010620117
2016-06-01,48.5067253112793
2016-06-02,48.167118072509766
2016-06-03,47.53382873535156
2016-06-06,47.84588623046875
2016-06-07,47.818355560302734
2016-06-08,47.763282775878906
2016-06-09,47.3777961730957
2016-06-10,47.249305725097656
2016-06-13,46.01942825317383
2016-06-14,45.73489761352539
2016-06-15,45.60641860961914
2016-06-16,46.248878479003906
2016-06-17,46.010250091552734
2016-06-20,45.95518493652344
2016-06-21,46.98313522338867
2016-06-22,46.79957962036133
2016-06-23,47.64397048950195
2016-06-24,45.73489761352539
2016-06-27,44.449951171875
2016-06-28,45.37694549560547
2016-06-29,46.38655471801758
2016-06-30,46.96477508544922
2016-07-01,46.95560073852539
2016-07-05,46.96477508544922
2016-07-06,47.15752410888672
2016-07-07,47.15752410888672
2016-07-08,48.00191116333008
2016-07-11,48.26808547973633
2016-07-12,48.83712387084961
2016-07-13,49.11247634887695
2016-07-14,49.323570251464844
2016-07-15,49.286865234375
2016-07-18,49.52549362182617
2016-07-19,48.72699737548828
2016-07-20,51.31523895263672
2016-07-21,51.21427917480469
2016-07-22,51.92100143432617
2016-07-25,52.06785583496094
2016-07-26,52.09538269042969
2016-07-27,51.572227478027344
2016-07-28,51.59059524536133
2016-07-29,52.02196502685547
2016-08-01,51.93018341064453
2016-08-02,51.93018341064453
2016-08-03,52.28813171386719
2016-08-04,52.67361831665039
2016-08-05,53.19676971435547
2016-08-08,53.288551330566406
2016-08-09,53.41705322265625
2016-08-10,53.2518310546875
2016-08-11,53.50883483886719
2016-08-12,53.17841339111328
2016-08-15,53.3436164855957
2016-08-16,53.0480842590332
2016-08-17,53.15890884399414
2016-08-18,53.19585037231445
2016-08-19,53.214317321777344
2016-08-22,53.2605094909668
2016-08-23,53.46368408203125
2016-08-24,53.519100189208984
2016-08-25,53.72227478027344
2016-08-26,53.59297561645508
2016-08-29,53.65761947631836
2016-08-30,53.46368408203125
2016-08-31,53.06656265258789
2016-09-01,53.18661880493164
2016-09-02,53.2605094909668
2016-09-06,53.205081939697266
2016-09-07,53.25126266479492
2016-09-08,53.03885269165039
2016-09-09,51.912132263183594
2016-09-12,52.687904357910156
2016-09-13,52.20766830444336
2016-09-14,51.958309173583984
2016-09-15,52.81721115112305
2016-09-16,52.87261962890625
2016-09-19,52.577083587646484
2016-09-20,52.466251373291016
2016-09-21,53.3436164855957
2016-09-22,53.399024963378906
2016-09-23,53.03885269165039
2016-09-26,52.549381256103516
2016-09-27,53.519100189208984
2016-09-28,53.59297561645508
2016-09-29,53.011146545410156
2016-09-30,53.19585037231445
2016-10-03,53.02962112426758
2016-10-04,52.86338806152344
2016-10-05,53.23279571533203
2016-10-06,53.32515335083008
2016-10-07,53.380558013916016
2016-10-10,53.60221481323242
2016-10-11,52.81721115112305
2016-10-12,52.743324279785156
2016-10-13,52.56785583496094
2016-10-14,53.02962112426758
2016-10-17,52.84490966796875
2016-10-18,53.25126266479492
2016-10-19,53.131195068359375
2016-10-20,52.87261962890625
2016-10-21,55.09833908081055
2016-10-24,56.33588790893555
2016-10-25,56.32664489746094
2016-10-26,55.994178771972656
2016-10-27,55.504703521728516
2016-10-28,55.29228210449219
2016-10-31,55.33845901489258
2016-11-01,55.22764205932617
2016-11-02,54.88593673706055
2016-11-03,54.68275451660156
2016-11-04,54.220985412597656
2016-11-07,55.800228118896484
2016-11-08,55.84640884399414
2016-11-09,55.56935501098633
2016-11-10,54.211761474609375
2016-11-11,54.50728988647461
2016-11-14,53.67609786987305
2016-11-15,54.73603057861328
2016-11-16,55.461265563964844
2016-11-17,56.381744384765625
2016-11-18,56.11210632324219
2016-11-21,56.586299896240234
2016-11-22,56.828041076660156
2016-11-23,56.158592224121094
2016-11-25,56.27947235107422
2016-11-28,56.353858947753906
2016-11-29,56.800148010253906
2016-11-30,56.02842330932617
2016-12-01,55.04287338256836
2016-12-02,55.08935546875
2016-12-05,55.991249084472656
2016-12-06,55.74020767211914
2016-12-07,57.06049346923828
2016-12-08,56.72576141357422
2016-12-09,57.618350982666016
2016-12-12,57.804298400878906
2016-12-13,58.557430267333984
2016-12-14,58.27849197387695
2016-12-15,58.18551254272461
2016-12-16,57.92517852783203
2016-12-19,59.15248489379883
2016-12-20,59.07809829711914
2016-12-21,59.07809829711914
2016-12-22,59.08739471435547
2016-12-23,58.799163818359375
2016-12-27,58.83636474609375
2016-12-28,58.56672286987305
2016-12-29,58.48305130004883
2016-12-30,57.77640914916992
2017-01-03,58.18551254272461
2017-01-04,57.92517852783203
2017-01-05,57.92517852783203
2017-01-06,58.42726135253906
2017-01-09,58.24131393432617
2017-01-10,58.22270584106445
2017-01-11,58.752685546875
2017-01-12,58.213409423828125
2017-01-13,58.29709243774414
2017-01-17,58.13902282714844
2017-01-18,58.11112976074219
2017-01-19,57.92517852783203
2017-01-20,58.33427810668945
2017-01-23,58.5388298034668
2017-01-24,59.05950927734375
2017-01-25,59.20827865600586
2017-01-26,59.756832122802734
2017-01-27,61.16080856323242
2017-01-30,60.55644607543945
2017-01-31,60.110145568847656
2017-02-01,59.11529541015625
2017-02-02,58.73408508300781
2017-02-03,59.20827865600586
2017-02-06,59.17108154296875
2017-02-07,58.97582244873047
2017-02-08,58.892154693603516
2017-02-09,59.56158447265625
2017-02-10,59.505802154541016
2017-02-13,60.17525100708008
2017-02-14,60.39973449707031
2017-02-15,60.36233139038086
2017-02-16,60.35297393798828
2017-02-17,60.446510314941406
2017-02-21,60.32490539550781
2017-02-22,60.203304290771484
2017-02-23,60.446510314941406
2017-02-24,60.446510314941406
2017-02-27,60.08171081542969
2017-02-28,59.847843170166016
2017-03-01,60.745845794677734
2017-03-02,59.875919342041016
2017-03-03,60.100406646728516
2017-03-06,60.119110107421875
2017-03-07,60.24072265625
2017-03-08,60.79261016845703
2017-03-09,60.54940414428711
2017-03-10,60.73649978637695
2017-03-13,60.530704498291016
2017-03-14,60.25006866455078
2017-03-15,60.568115234375
2017-03-16,60.4652099609375
2017-03-17,60.68037796020508
2017-03-20,60.73649978637695
2017-03-21,60.062992095947266
2017-03-22,60.83003616333008
2017-03-23,60.68037796020508
2017-03-24,60.78327560424805
2017-03-27,60.89552307128906
2017-03-28,61.073246002197266
2017-03-29,61.24162292480469
2017-03-30,61.46611404418945
2017-03-31,61.6064338684082
2017-04-03,61.31645202636719
2017-04-04,61.484832763671875
2017-04-05,61.3257942199707
2017-04-06,61.484832763671875
2017-04-07,61.43806838989258
2017-04-10,61.29773712158203
2017-04-11,61.2509651184082
2017-04-12,61.017120361328125
2017-04-13,60.75519561767578
2017-04-17,61.2509651184082
2017-04-18,61.16678237915039
2017-04-19,60.83938980102539
2017-04-20,61.269676208496094
2017-04-21,62.111549377441406
2017-04-24,63.16856384277344
2017-04-25,63.53339767456055
2017-04-26,63.44919967651367
2017-04-27,63.86077880859375
2017-04-28,64.03849792480469
2017-05-01,64.92716217041016
2017-05-02,64.82425689697266
2017-05-03,64.61846160888672
2017-05-04,64.36589813232422
2017-05-05,64.54364013671875
2017-05-08,64.48751068115234
2017-05-09,64.5810546875
2017-05-10,64.83360290527344
2017-05-11,64.03849792480469
2017-05-12,63.963680267333984
2017-05-15,64.01042175292969
2017-05-16,65.29932403564453
2017-05-17,63.483619689941406
2017-05-18,63.69998550415039
2017-05-19,63.6811637878418
2017-05-22,64.39614868164062
2017-05-23,64.61254119873047
2017-05-24,64.69721221923828
2017-05-25,65.49687957763672
2017-05-26,65.81674194335938
2017-05-30,66.24008178710938
2017-05-31,65.70384979248047
2017-06-01,65.94844055175781
2017-06-02,67.51013946533203
2017-06-05,67.99933624267578
2017-06-06,68.2251205444336
2017-06-07,68.10281372070312
2017-06-08,67.68887329101562
2017-06-09,66.1554183959961
2017-06-12,65.64739227294922
2017-06-13,66.46587371826172
2017-06-14,66.1083755493164
2017-06-15,65.76030731201172
2017-06-16,65.8543701171875
2017-06-19,66.6728515625
2017-06-20,65.76970672607422
2017-06-21,66.1083755493164
2017-06-22,66.09898376464844
2017-06-23,66.99272155761719
2017-06-26,66.35297393798828
2017-06-27,65.11113739013672
2017-06-28,65.66621398925781
2017-06-29,64.43378448486328
2017-06-30,64.84774780273438
2017-07-03,64.13275146484375
2017-07-05,64.98884582519531
2017-07-06,64.50906372070312
2017-07-07,65.34635925292969
2017-07-10,65.83555603027344
2017-07-11,65.84495544433594
2017-07-12,66.9362564086914
2017-07-13,67.5195541381836
2017-07-14,68.46974182128906
2017-07-17,69.0059585571289
2017-07-18,68.95895385742188
2017-07-19,69.48577117919922
2017-07-20,69.82444763183594
2017-07-21,69.41989135742188
2017-07-24,69.24115753173828
2017-07-25,69.79622650146484
2017-07-26,69.66452026367188
2017-07-27,68.82721710205078
2017-07-28,68.7143325805664
2017-07-31,68.39445495605469
2017-08-01,68.28158569335938
2017-08-02,67.98051452636719
2017-08-03,67.87704467773438
2017-08-04,68.37564086914062
2017-08-07,68.11223602294922
2017-08-08,68.4791488647461
2017-08-09,68.1780776977539
2017-08-10,67.18086242675781
2017-08-11,68.20630645751953
2017-08-14,69.23175048828125
2017-08-15,69.25067138671875
2017-08-16,69.65735626220703
2017-08-17,68.47512817382812
2017-08-18,68.56024169921875
2017-08-21,68.23869323730469
2017-08-22,69.19391632080078
2017-08-23,68.77778625488281
2017-08-24,68.74940490722656
2017-08-25,68.87236022949219
2017-08-28,68.88182067871094
2017-08-29,69.08989715576172
2017-08-30,69.99785614013672
2017-08-31,70.71662902832031
2017-09-01,69.931640625
2017-09-05,69.6195297241211
2017-09-06,69.42092895507812
2017-09-07,70.3099594116211
2017-09-08,69.96947479248047
2017-09-11,70.70719146728516
2017-09-12,70.63151550292969
2017-09-13,71.13278198242188
2017-09-14,70.71662902832031
2017-09-15,71.22737121582031
2017-09-18,71.08551788330078
2017-09-19,71.35031127929688
2017-09-20,70.87743377685547
2017-09-21,70.18701171875
2017-09-22,70.37616729736328
2017-09-25,69.28851318359375
2017-09-26,69.28851318359375
2017-09-27,69.84651184082031
2017-09-28,69.86543273925781
2017-09-29,70.45182800292969
2017-10-02,70.56531524658203
2017-10-03,70.23429870605469
2017-10-04,70.64098358154297
2017-10-05,71.85159301757812
2017-10-06,71.87997436523438
2017-10-09,72.15424346923828
2017-10-10,72.15424346923828
2017-10-11,72.27719116210938
2017-10-12,72.93926239013672
2017-10-13,73.2892074584961
2017-10-16,73.44052124023438
2017-10-17,73.38377380371094
2017-10-18,73.40267944335938
2017-10-19,73.68643188476562
2017-10-20,74.53763580322266
2017-10-23,74.55656433105469
2017-10-24,74.58493041992188
2017-10-25,74.36736297607422
2017-10-26,74.49034118652344
2017-10-27,79.26658630371094
2017-10-30,79.34225463867188
2017-10-31,78.67073059082031
2017-11-01,78.67073059082031
2017-11-02,79.49356079101562
2017-11-03,79.57868957519531
2017-11-06,79.89080047607422
2017-11-07,79.70164489746094
2017-11-08,79.97592163085938
2017-11-09,79.53137969970703
2017-11-10,79.32333374023438
2017-11-13,79.38006591796875
2017-11-14,79.49356079101562
2017-11-15,78.87571716308594
2017-11-16,79.08483123779297
2017-11-17,78.32441711425781
2017-11-20,78.44796752929688
2017-11-21,79.57910919189453
2017-11-22,78.9992904663086
2017-11-24,79.1418685913086
2017-11-27,79.72171020507812
2017-11-28,80.68174743652344
2017-11-29,79.21790313720703
2017-11-30,80.00686645507812
2017-12-01,80.09242248535156
2017-12-04,77.06969451904297
2017-12-05,77.55447387695312
2017-12-06,78.68560791015625
2017-12-07,78.40995788574219
2017-12-08,79.99736022949219
2017-12-11,81.01443481445312
2017-12-12,81.34712219238281
2017-12-13,81.12848663330078
2017-12-14,80.50114440917969
2017-12-15,82.55431365966797
2017-12-18,82.10753631591797
2017-12-19,81.58475494384766
2017-12-20,81.29008483886719
2017-12-21,81.27108001708984
2017-12-22,81.28057861328125
2017-12-26,81.176025390625
2017-12-27,81.470703125
2017-12-28,81.48018646240234
2017-12-29,81.30909729003906
2018-01-02,81.69880676269531
2018-01-03,82.07901763916016
2018-01-04,82.80144500732422
2018-01-05,83.82804870605469
2018-01-08,83.91356658935547
2018-01-09,83.8565444946289
2018-01-10,83.47632598876953
2018-01-11,83.72345733642578
2018-01-12,85.16828155517578
2018-01-16,83.98013305664062
2018-01-17,85.68158721923828
2018-01-18,85.64353942871094
2018-01-19,85.54850006103516
2018-01-22,87.078857421875
2018-01-23,87.35450744628906
2018-01-24,87.27847290039062
2018-01-25,87.76324462890625
2018-01-26,89.4076919555664
2018-01-29,89.27461242675781
2018-01-30,88.1529769897461
2018-01-31,90.31069946289062
2018-02-01,89.59778594970703
2018-02-02,87.24046325683594
2018-02-05,83.64743041992188
2018-02-06,86.81271362304688
2018-02-07,85.17778778076172
2018-02-08,80.8052978515625
2018-02-09,83.81851196289062
2018-02-12,84.7215347290039
2018-02-13,85.38690948486328
2018-02-14,86.72390747070312
2018-02-15,88.49066925048828
2018-02-16,87.8603744506836
2018-02-20,88.5479736328125
2018-02-21,87.3733139038086
2018-02-22,87.60252380371094
2018-02-23,89.82768249511719
2018-02-26,91.12647247314453
2018-02-27,89.96137237548828
2018-02-28,89.55072021484375
2018-03-01,88.672119140625
2018-03-02,88.86312103271484
2018-03-05,89.42656707763672
2018-03-06,89.12097930908203
2018-03-07,89.63668060302734
2018-03-08,90.1810302734375
2018-03-09,92.19610595703125
2018-03-12,92.41573333740234
2018-03-13,90.16193389892578
2018-03-14,89.62712097167969
2018-03-15,89.94227600097656
2018-03-16,90.3433837890625
2018-03-19,88.71033477783203
2018-03-20,88.93951416015625
2018-03-21,88.31877136230469
2018-03-22,85.74980926513672
2018-03-23,83.25725555419922
2018-03-26,89.56027221679688
2018-03-27,85.44420623779297
2018-03-28,85.36780548095703
2018-03-29,87.16320037841797
2018-04-02,84.53695678710938
2018-04-03,85.67339324951172
2018-04-04,88.17552947998047
2018-04-05,88.2232666015625
2018-04-06,86.17001342773438
2018-04-09,86.68571472167969
2018-04-10,88.70079040527344
2018-04-11,87.7266616821289
2018-04-12,89.36927032470703
2018-04-13,88.89176177978516
2018-04-16,89.93272399902344
2018-04-17,91.74723815917969
2018-04-18,92.1005859375
2018-04-19,91.78543853759766
2018-04-20,90.72537994384766
2018-04-23,91.05962371826172
2018-04-24,88.92998504638672
2018-04-25,88.15641784667969
2018-04-26,90.01866912841797
2018-04-27,91.50846862792969
2018-04-30,89.31196594238281
2018-05-01,90.72537994384766
2018-05-02,89.30242919921875
2018-05-03,89.83721923828125
2018-05-04,90.87818145751953
2018-05-07,91.8904800415039
2018-05-08,91.49893951416016
2018-05-09,92.57809448242188
2018-05-10,93.50444793701172
2018-05-11,93.30388641357422
2018-05-14,93.61903381347656
2018-05-15,92.94099426269531
2018-05-16,93.18077850341797
2018-05-17,92.25040435791016
2018-05-18,92.42304229736328
2018-05-21,93.61239624023438
2018-05-22,93.51647186279297
2018-05-23,94.62908935546875
2018-05-24,94.29338073730469
2018-05-25,94.34133911132812
2018-05-29,94.0056381225586
2018-05-30,94.90723419189453
2018-05-31,94.80172729492188
2018-06-01,96.67207336425781
2018-06-04,97.51609802246094
2018-06-05,98.0148696899414
2018-06-06,98.30260467529297
2018-06-07,96.75837707519531
2018-06-08,97.47773742675781
2018-06-11,96.92144012451172
2018-06-12,97.17080688476562
2018-06-13,96.72960662841797
2018-06-14,97.27631378173828
2018-06-15,96.03901672363281
2018-06-18,96.73921203613281
2018-06-19,96.73921203613281
2018-06-20,97.70792388916016
2018-06-21,97.00775146484375
2018-06-22,96.30756378173828
2018-06-25,94.3701171875
2018-06-26,95.03193664550781
2018-06-27,93.55484008789062
2018-06-28,94.6003189086914
2018-06-29,94.58112335205078
2018-07-02,95.92391204833984
2018-07-03,95.0031509399414
2018-07-05,95.68414306640625
2018-07-06,97.02693939208984
2018-07-09,97.68873596191406
2018-07-10,97.94771575927734
2018-07-11,97.8134536743164
2018-07-12,99.93314361572266
2018-07-13,101.12248992919922
2018-07-16,100.62373352050781
2018-07-17,101.62123107910156
2018-07-18,100.82513427734375
2018-07-19,100.13455963134766
2018-07-20,101.92816925048828
2018-07-23,103.5586929321289
2018-07-24,103.26136779785156
2018-07-25,106.30186462402344
2018-07-26,105.14129638671875
2018-07-27,103.28055572509766
2018-07-30,101.06493377685547
2018-07-31,101.74592590332031
2018-08-01,101.93775177001953
2018-08-02,103.175048828125
2018-08-03,103.62586975097656
2018-08-06,103.71215057373047
2018-08-07,104.43152618408203
2018-08-08,105.01659393310547
2018-08-09,105.18924713134766
2018-08-10,104.54662322998047
2018-08-13,103.78890228271484
2018-08-14,105.083740234375
2018-08-15,103.65876007080078
2018-08-16,103.63948822021484
2018-08-17,103.58172607421875
2018-08-20,102.89812469482422
2018-08-21,102.04119873046875
2018-08-22,103.0810546875
2018-08-23,103.56246948242188
2018-08-24,104.3712387084961
2018-08-27,105.52665710449219
2018-08-28,106.16212463378906
2018-08-29,107.8567123413086
2018-08-30,107.78931427001953
2018-08-31,108.15518951416016
2018-09-04,107.55823516845703
2018-09-05,104.45790100097656
2018-09-06,104.69860076904297
2018-09-07,104.18830871582031
2018-09-10,105.31482696533203
2018-09-11,107.1056900024414
2018-09-12,107.55823516845703
2018-09-13,108.71363067626953
2018-09-14,109.15655517578125
2018-09-17,107.97225189208984
2018-09-18,109.00247955322266
2018-09-19,107.54859924316406
2018-09-20,109.34911346435547
2018-09-21,110.01346588134766
2018-09-24,110.40821838378906
2018-09-25,110.19639587402344
2018-09-26,109.74386596679688
2018-09-27,110.15788269042969
2018-09-28,110.1193618774414
2018-10-01,111.31328582763672
2018-10-02,110.8703842163086
2018-10-03,110.88963317871094
2018-10-04,108.59809112548828
2018-10-05,107.9626235961914
2018-10-08,106.73017883300781
2018-10-09,108.08779907226562
2018-10-10,102.21449279785156
2018-10-11,101.97380065917969
2018-10-12,105.49778747558594
2018-10-15,103.6009750366211
2018-10-16,106.87460327148438
2018-10-17,106.59538269042969
2018-10-18,104.46753692626953
2018-10-19,104.62158203125
2018-10-22,105.55553436279297
2018-10-23,104.08238983154297
2018-10-24,98.5172119140625
2018-10-25,104.27497863769531
2018-10-26,102.98477935791016
2018-10-29,99.99036407470703
2018-10-30,99.87480163574219
2018-10-31,102.84033203125
2018-11-01,101.9834213256836
2018-11-02,102.21449279785156
2018-11-05,103.51433563232422
2018-11-06,103.71653747558594
2018-11-07,107.79894256591797
2018-11-08,107.59674072265625
2018-11-09,105.49778747558594
2018-11-12,102.89812469482422
2018-11-13,102.96552276611328
2018-11-14,101.50534057617188
2018-11-15,103.73910522460938
2018-11-16,104.71576690673828
2018-11-19,101.16690063476562
2018-11-20,98.35295104980469
2018-11-21,99.70674896240234
2018-11-23,99.66806030273438
2018-11-26,102.95584106445312
2018-11-27,103.60372924804688
2018-11-28,107.4523696899414
2018-11-29,106.55306243896484
2018-11-30,107.2299575805664
2018-12-03,108.39034271240234
2018-12-04,104.93818664550781
2018-12-06,105.58606719970703
2018-12-07,101.36029815673828
2018-12-10,104.03887176513672
2018-12-11,105.00586700439453
2018-12-12,105.47969818115234
2018-12-13,105.83748626708984
2018-12-14,102.5303726196289
2018-12-17,99.4939956665039
2018-12-18,100.53836822509766
2018-12-19,100.2676010131836
2018-12-20,98.15953826904297
2018-12-21,94.98782348632812
2018-12-24,91.02312469482422
2018-12-26,97.24090576171875
2018-12-27,97.84044647216797
2018-12-28,97.0765151977539
2018-12-31,98.21756744384766
2019-01-02,97.78242492675781
2019-01-03,94.18519592285156
2019-01-04,98.56568145751953
2019-01-07,98.69140625
2019-01-08,99.40697479248047
2019-01-09,100.82846069335938
2019-01-10,100.18057250976562
2019-01-11,99.40697479248047
2019-01-14,98.68173217773438
2019-01-15,101.5440444946289
2019-01-16,101.9018325805664
2019-01-17,102.61738586425781
2019-01-18,104.15491485595703
2019-01-22,102.19190979003906
2019-01-23,103.18791961669922
2019-01-24,102.69476318359375
2019-01-25,103.63272857666016
2019-01-28,101.6117172241211
2019-01-29,99.5423583984375
2019-01-30,102.86881256103516
2019-01-31,100.98318481445312
2019-02-01,99.38763427734375
2019-02-04,102.24993896484375
2019-02-05,103.68109130859375
2019-02-06,102.5303726196289
2019-02-07,101.7954330444336
2019-02-08,102.18224334716797
2019-02-11,101.77611541748047
2019-02-12,103.36198425292969
2019-02-13,103.28460693359375
2019-02-14,103.37165832519531
2019-02-15,104.64808654785156
2019-02-19,104.59972381591797
2019-02-20,104.05591583251953
2019-02-21,106.25064086914062
2019-02-22,107.76559448242188
2019-02-25,108.36768341064453
2019-02-26,109.11546325683594
2019-02-27,108.93094635009766
2019-02-28,108.79499816894531
2019-03-01,109.2805404663086
2019-03-04,109.0183334350586
2019-03-05,108.47452545166016
2019-03-06,108.52307891845703
2019-03-07,107.20233917236328
2019-03-08,107.31889343261719
2019-03-11,109.57188415527344
2019-03-12,110.33908081054688
2019-03-13,111.19365692138672
2019-03-14,111.28105163574219
2019-03-15,112.56294250488281
2019-03-18,114.17501831054688
2019-03-19,114.25269317626953
2019-03-20,114.12645721435547
2019-03-21,116.74848937988281
2019-03-22,113.67002868652344
2019-03-25,114.26242065429688
2019-03-26,114.50520324707031
2019-03-27,113.39810943603516
2019-03-28,113.5534896850586
2019-03-29,114.5343246459961
2019-04-01,115.58312225341797
2019-04-02,115.74823760986328
2019-04-03,116.50570678710938
2019-04-04,115.91332244873047
2019-04-05,116.42801666259766
2019-04-08,116.46687316894531
2019-04-09,115.83563232421875
2019-04-10,116.71934509277344
2019-04-11,116.85530853271484
2019-04-12,117.45740509033203
2019-04-15,117.55452728271484
2019-04-16,117.2826156616211
2019-04-17,118.25372314453125
2019-04-18,119.80752563476562
2019-04-22,120.18627166748047
2019-04-23,121.81776428222656
2019-04-24,121.40017700195312
2019-04-25,125.42060852050781
2019-04-26,126.13924407958984
2019-04-29,126.02273559570312
2019-04-30,126.82876586914062
2019-05-01,124.18729400634766
2019-05-02,122.56551361083984
2019-05-03,125.17782592773438
2019-05-06,124.44947814941406
2019-05-07,121.89544677734375
2019-05-08,121.88573455810547
2019-05-09,121.87602233886719
2019-05-10,123.45894622802734
2019-05-13,119.78809356689453
2019-05-14,121.12825775146484
2019-05-15,122.83402252197266
2019-05-16,125.67044830322266
2019-05-17,124.83219909667969
2019-05-20,123.02896118164062
2019-05-21,123.6917724609375
2019-05-22,124.44229888916016
2019-05-23,122.98998260498047
2019-05-24,123.04845428466797
2019-05-28,122.97047424316406
2019-05-29,121.78130340576172
2019-05-30,122.55134582519531
2019-05-31,120.55317687988281
2019-06-03,116.81024932861328
2019-06-04,120.04631042480469
2019-06-05,122.6488265991211
2019-06-06,124.58851623535156
2019-06-07,128.07798767089844
2019-06-10,129.2476348876953
2019-06-11,128.76028442382812
2019-06-12,128.16574096679688
2019-06-13,128.97474670410156
2019-06-14,129.1014404296875
2019-06-17,129.49134826660156
2019-06-18,131.742919921875
2019-06-19,132.25953674316406
2019-06-20,133.48770141601562
2019-06-21,133.50718688964844
2019-06-24,134.2967071533203
2019-06-25,130.05667114257812
2019-06-26,130.54403686523438
2019-06-27,130.7584686279297
2019-06-28,130.5732879638672
2019-07-01,132.24978637695312
2019-07-02,133.1270294189453
2019-07-03,133.98480224609375
2019-07-05,133.59490966796875
2019-07-08,133.49742126464844
2019-07-09,133.01010131835938
2019-07-10,134.3649444580078
2019-07-11,134.90103149414062
2019-07-12,135.38839721679688
2019-07-15,135.38839721679688
2019-07-16,133.61436462402344
2019-07-17,132.8248748779297
2019-07-18,132.97109985351562
2019-07-19,133.166015625
2019-07-22,134.9302520751953
2019-07-23,135.76849365234375
2019-07-24,137.16236877441406
2019-07-25,136.64576721191406
2019-07-26,137.7666778564453
2019-07-29,137.4645538330078
2019-07-30,136.80174255371094
2019-07-31,132.8248748779297
2019-08-01,134.56964111328125
2019-08-02,133.43894958496094
2019-08-05,128.86753845214844
2019-08-06,131.2848358154297
2019-08-07,131.85992431640625
2019-08-08,135.3786163330078
2019-08-09,134.22845458984375
2019-08-12,132.35699462890625
2019-08-13,135.09596252441406
2019-08-14,131.02761840820312
2019-08-15,130.73422241210938
2019-08-16,133.13027954101562
2019-08-19,135.36001586914062
2019-08-20,134.23538208007812
2019-08-21,135.7316436767578
2019-08-22,134.743896484375
2019-08-23,130.45062255859375
2019-08-26,132.46524047851562
2019-08-27,132.74887084960938
2019-08-28,132.57281494140625
2019-08-29,135.07643127441406
2019-08-30,134.8221435546875
2019-09-03,133.04226684570312
2019-09-04,134.5972137451172
2019-09-05,136.96389770507812
2019-09-06,136.03482055664062
2019-09-09,134.48965454101562
2019-09-10,133.08139038085938
2019-09-11,133.1204833984375
2019-09-12,134.48965454101562
2019-09-13,134.29405212402344
2019-09-16,133.32583618164062
2019-09-17,134.3625030517578
2019-09-18,135.4676055908203
2019-09-19,137.96142578125
2019-09-20,136.3673553466797
2019-09-23,136.07394409179688
2019-09-24,134.35272216796875
2019-09-25,136.28909301757812
2019-09-26,136.46511840820312
2019-09-27,134.6950225830078
2019-09-30,135.9663543701172
2019-10-01,134.04957580566406
2019-10-02,131.68289184570312
2019-10-03,133.27696228027344
2019-10-04,135.07643127441406
2019-10-07,134.09841918945312
2019-10-08,132.68040466308594
2019-10-09,135.1937713623047
2019-10-10,136.03482055664062
2019-10-11,136.60202026367188
2019-10-14,136.47491455078125
2019-10-15,138.4503936767578
2019-10-16,137.3159637451172
2019-10-17,136.61180114746094
2019-10-18,134.38204956054688
2019-10-21,135.3795623779297
2019-10-22,133.36495971679688
2019-10-23,134.2158203125
2019-10-24,136.85630798339844
2019-10-25,137.62889099121094
2019-10-28,141.01266479492188
2019-10-29,139.6826171875
2019-10-30,141.4233856201172
2019-10-31,140.21072387695312
2019-11-01,140.55300903320312
2019-11-04,141.36473083496094
2019-11-05,141.27670288085938
2019-11-06,140.88552856445312
2019-11-07,141.08111572265625
2019-11-08,142.74365234375
2019-11-11,142.89035034179688
2019-11-12,143.8292236328125
2019-11-13,144.06390380859375
2019-11-14,144.79736328125
2019-11-15,146.66531372070312
2019-11-18,147.02711486816406
2019-11-19,147.07603454589844
2019-11-20,146.82089233398438
2019-11-21,146.6835174560547
2019-11-22,146.79144287109375
2019-11-25,148.40078735351562
2019-11-26,149.18580627441406
2019-11-27,149.4703826904297
2019-11-29,148.54798889160156
2019-12-02,146.75221252441406
2019-12-03,146.51669311523438
2019-12-04,147.04661560058594
2019-12-05,147.12510681152344
2019-12-06,148.91104125976562
2019-12-09,148.52835083007812
2019-12-10,148.3026580810547
2019-12-11,148.8619842529297
2019-12-12,150.37318420410156
2019-12-13,151.63905334472656
2019-12-16,152.6203155517578
2019-12-17,151.7960662841797
2019-12-18,151.48202514648438
2019-12-19,152.7969970703125
2019-12-20,154.4651641845703
2019-12-23,154.4651641845703
2019-12-24,154.43572998046875
2019-12-26,155.7015838623047
2019-12-27,155.9861602783203
2019-12-30,154.6417999267578
2019-12-31,154.74974060058594
2020-01-02,157.6151123046875
2020-01-03,155.6525115966797
2020-01-06,156.05487060546875
2020-01-07,154.63198852539062
2020-01-08,157.09503173828125
2020-01-09,159.05760192871094
2020-01-10,158.3216552734375
2020-01-13,160.225341796875
2020-01-14,159.09686279296875
2020-01-15,160.127197265625
2020-01-16,163.06129455566406
2020-01-17,163.97389221191406
2020-01-21,163.38510131835938
2020-01-22,162.60008239746094
2020-01-23,163.6009979248047
2020-01-24,161.95242309570312
2020-01-27,159.24403381347656
2020-01-28,162.3645782470703
2020-01-29,164.8963165283203
2020-01-30,169.54763793945312
2020-01-31,167.04531860351562
2020-02-03,171.11769104003906
2020-02-04,176.75030517578125
2020-02-05,176.534423828125
2020-02-06,180.19464111328125
2020-02-07,180.4497833251953
2020-02-10,185.1697998046875
2020-02-11,180.98948669433594
2020-02-12,181.25445556640625
2020-02-13,180.27316284179688
2020-02-14,181.8824462890625
2020-02-18,183.72727966308594
2020-02-19,184.27830505371094
2020-02-20,181.46417236328125
2020-02-21,175.7275848388672
2020-02-24,168.15101623535156
2020-02-25,165.376220703125
2020-02-26,167.4425506591797
2020-02-27,155.64471435546875
2020-02-28,159.41334533691406
2020-03-02,170.0205535888672
2020-03-03,161.87326049804688
2020-03-04,167.8164825439453
2020-03-05,163.60507202148438
2020-03-06,158.9803924560547
2020-03-09,148.20590209960938
2020-03-10,158.3408203125
2020-03-11,151.16766357421875
2020-03-12,136.8311767578125
2020-03-13,156.28431701660156
2020-03-16,133.24952697753906
2020-03-17,144.2208251953125
2020-03-18,138.1497039794922
2020-03-19,140.42269897460938
2020-03-20,135.14859008789062
2020-03-23,133.800537109375
2020-03-24,145.9624481201172
2020-03-25,144.56520080566406
2020-03-26,153.60791015625
2020-03-27,147.30062866210938
2020-03-30,157.661865234375
2020-03-31,155.1822509765625
2020-04-01,149.67202758789062
2020-04-02,152.77154541015625
2020-04-03,151.3644561767578
2020-04-06,162.62109375
2020-04-07,160.86964416503906
2020-04-08,162.48333740234375
2020-04-09,162.49317932128906
2020-04-13,162.8572540283203
2020-04-14,170.91598510742188
2020-04-15,169.12513732910156
2020-04-16,174.2024383544922
2020-04-17,175.73745727539062
2020-04-20,172.25416564941406
2020-04-21,165.13021850585938
2020-04-22,170.73886108398438
2020-04-23,168.67251586914062
2020-04-24,171.75234985351562
2020-04-27,171.2603759765625
2020-04-28,167.08831787109375
2020-04-29,174.586181640625
2020-04-30,176.33766174316406
2020-05-01,171.7720489501953
2020-05-04,175.9735870361328
2020-05-05,177.86280822753906
2020-05-06,179.61427307128906
2020-05-07,180.6573028564453
2020-05-08,181.72000122070312
2020-05-11,183.7469482421875
2020-05-12,179.5847625732422
2020-05-13,176.8690185546875
2020-05-14,177.63650512695312
2020-05-15,180.224365234375
2020-05-18,181.94631958007812
2020-05-19,180.68682861328125
2020-05-20,183.19308471679688
2020-05-21,180.99269104003906
2020-05-22,181.0716552734375
2020-05-26,179.15744018554688
2020-05-27,179.39422607421875
2020-05-28,178.98968505859375
2020-05-29,180.8151092529297
2020-06-01,180.4006805419922
2020-06-02,182.4530487060547
2020-06-03,182.89706420898438
2020-06-04,180.489501953125
2020-06-05,184.7126007080078
2020-06-08,185.85719299316406
2020-06-09,187.278076171875
2020-06-10,194.22451782226562
2020-06-11,183.79495239257812
2020-06-12,185.2454376220703
2020-06-15,186.42950439453125
2020-06-16,190.9979705810547
2020-06-17,191.6590576171875
2020-06-18,193.71144104003906
2020-06-19,192.55697631835938
2020-06-22,197.9049835205078
2020-06-23,199.22714233398438
2020-06-24,195.21124267578125
2020-06-25,197.67800903320312
2020-06-26,193.72128295898438
2020-06-29,195.8032684326172
2020-06-30,200.80589294433594
2020-07-01,201.9801025390625
2020-07-02,203.51934814453125
2020-07-06,207.90036010742188
2020-07-07,205.48289489746094
2020-07-08,210.0020751953125
2020-07-09,211.47225952148438
2020-07-10,210.8308868408203
2020-07-13,204.318603515625
2020-07-14,205.5815887451172
2020-07-15,205.2757110595703
2020-07-16,201.21043395996094
2020-07-17,200.18426513671875
2020-07-20,208.78842163085938
2020-07-21,205.9762725830078
2020-07-22,208.93641662597656
2020-07-23,199.84877014160156
2020-07-24,198.62525939941406
2020-07-27,201.14137268066406
2020-07-28,199.335693359375
2020-07-29,201.34857177734375
2020-07-30,201.1907196044922
2020-07-31,202.28594970703125
2020-08-03,213.6627655029297
2020-08-04,210.45594787597656
2020-08-05,210.110595703125
2020-08-06,213.4752960205078
2020-08-07,209.6566925048828
2020-08-10,205.48289489746094
2020-08-11,200.67762756347656
2020-08-12,206.41043090820312
2020-08-13,205.92691040039062
2020-08-14,206.124267578125
2020-08-17,207.48593139648438
2020-08-18,208.67987060546875
2020-08-19,207.41380310058594
2020-08-20,212.24061584472656
2020-08-21,210.6976318359375
2020-08-24,211.36032104492188
2020-08-25,214.1100311279297
2020-08-26,218.73898315429688
2020-08-27,224.10980224609375
2020-08-28,226.41439819335938
2020-08-31,223.07125854492188
2020-09-01,224.79226684570312
2020-09-02,229.12452697753906
2020-09-03,214.9309844970703
2020-09-04,211.91421508789062
2020-09-08,200.45057678222656
2020-09-09,208.98648071289062
2020-09-10,203.13101196289062
2020-09-11,201.80563354492188
2020-09-14,203.17059326171875
2020-09-15,206.50384521484375
2020-09-16,202.81451416015625
2020-09-17,200.69786071777344
2020-09-18,198.205322265625
2020-09-21,200.3318634033203
2020-09-22,205.15867614746094
2020-09-23,198.40313720703125
2020-09-24,200.9748077392578
2020-09-25,205.5543212890625
2020-09-28,207.15664672851562
2020-09-29,205.00039672851562
2020-09-30,208.0369415283203
2020-10-01,210.14373779296875
2020-10-02,203.9420928955078
2020-10-05,208.08641052246094
2020-10-06,203.6651611328125
2020-10-07,207.54241943359375
2020-10-08,208.28424072265625
2020-10-09,213.45721435546875
2020-10-12,218.9862518310547
2020-10-13,220.4303436279297
2020-10-14,218.45216369628906
2020-10-15,217.26522827148438
2020-10-16,217.26522827148438
2020-10-19,211.88455200195312
2020-10-20,212.30984497070312
2020-10-21,212.45823669433594
2020-10-22,212.5472412109375
2020-10-23,213.87265014648438
2020-10-26,207.78968811035156
2020-10-27,210.9251251220703
2020-10-28,200.47032165527344
2020-10-29,202.4881134033203
2020-10-30,200.26263427734375
2020-11-02,200.12416076660156
2020-11-03,204.1794891357422
2020-11-04,214.03089904785156
2020-11-05,220.85565185546875
2020-11-06,221.28099060058594
2020-11-09,216.0090789794922
2020-11-10,208.70953369140625
2020-11-11,214.1891326904297
2020-11-12,213.0912322998047
2020-11-13,214.14956665039062
2020-11-16,214.86172485351562
2020-11-17,212.12193298339844
2020-11-18,209.32537841796875
2020-11-19,210.65423583984375
2020-11-20,208.64111328125
2020-11-23,208.3634490966797
2020-11-24,212.08226013183594
2020-11-25,212.0921630859375
2020-11-27,213.44085693359375
2020-11-30,212.29051208496094
2020-12-01,214.41273498535156
2020-12-02,213.5797119140625
2020-12-03,212.45912170410156
2020-12-04,212.57810974121094
2020-12-07,212.50868225097656
2020-12-08,214.21438598632812
2020-12-09,210.0393829345703
2020-12-10,208.77003479003906
2020-12-11,211.48724365234375
2020-12-14,212.41944885253906
2020-12-15,212.3500213623047
2020-12-16,217.4571990966797
2020-12-17,217.59603881835938
2020-12-18,216.77293395996094
2020-12-21,220.7397003173828
2020-12-22,222.07847595214844
2020-12-23,219.1827392578125
2020-12-24,220.89837646484375
2020-12-28,223.08999633789062
2020-12-29,222.28672790527344
2020-12-30,219.8372344970703
2020-12-31,220.57110595703125
